{"stream": "orderbook", "date": "2026-06-10", "rows": 24, "event": "compact_daily", "level": "info", "logger": "collector.scripts.compact_daily", "timestamp": "2026-09-16T15:00:39.301221Z"}
{"stream": "trades", "date": "2026-06-10", "rows": 24, "event": "compact_daily", "level": "info", "logger": "collector.scripts.compact_daily", "timestamp": "2026-09-16T15:00:39.348975Z"}
{"stream": "markprice", "date": "2026-06-10", "rows": 24, "event": "compact_daily", "level": "info", "logger": "collector.scripts.compact_daily", "timestamp": "2026-09-16T15:00:39.394510Z"}
{"stream": "openinterest", "date": "2026-06-10", "rows": 24, "event": "compact_daily", "level": "info", "logger": "collector.scripts.compact_daily", "timestamp": "2026-09-16T15:00:39.433617Z"}
{"date": "2026-06-10", "coverage_hours": 23.0, "event": "compact_daily_low_liquidation_coverage", "level": "warning", "logger": "collector.scripts.compact_daily", "timestamp": "2026-09-16T15:00:39.480297Z"}
{"stream": "liquidation", "date": "2026-06-10", "rows": 24, "event": "compact_daily", "level": "info", "logger": "collector.scripts.compact_daily", "timestamp": "2026-09-16T15:00:39.481417Z"}
{"stream": "orderbook", "date": "2026-06-10", "hour": 3, "event": "compact_daily_missing_hour", "level": "warning", "logger": "collector.scripts.compact_daily", "timestamp": "2026-09-16T15:00:39.525904Z"}
{"stream": "orderbook", "date": "2026-06-10", "hour": 7, "event": "compact_daily_missing_hour", "level": "warning", "logger": "collector.scripts.compact_daily", "timestamp": "2026-09-16T15:00:39.527137Z"}
{"stream": "orderbook", "date": "2026-06-10", "hour": 17, "event": "compact_daily_missing_hour", "level": "warning", "logger": "collector.scripts.compact_daily", "timestamp": "2026-09-16T15:00:39.529788Z"}
{"stream": "orderbook", "date": "2026-06-10", "rows": 21, "event": "compact_daily", "level": "info", "logger": "collector.scripts.compact_daily", "timestamp": "2026-09-16T15:00:39.587010Z"}
{"stream": "trades", "date": "2026-06-10", "rows": 24, "event": "compact_daily", "level": "info", "logger": "collector.scripts.compact_daily", "timestamp": "2026-09-16T15:00:39.649311Z"}
{"stream": "trades", "date": "2026-06-10", "reason": "exists", "event": "compact_daily_skip", "level": "info", "logger": "collector.scripts.compact_daily", "timestamp": "2026-09-16T15:00:39.659820Z"}
{"stream": "trades", "date": "2026-06-10", "rows": 24, "event": "compact_daily", "level": "info", "logger": "collector.scripts.compact_daily", "timestamp": "2026-09-16T15:00:39.723123Z"}
{"stream": "trades", "date": "2026-06-10", "rows": 24, "event": "compact_daily", "level": "info", "logger": "collector.scripts.compact_daily", "timestamp": "2026-09-16T15:00:39.782415Z"}
{"stream": "orderbook", "date": "2026-06-10", "hour": 1, "event": "compact_daily_missing_hour", "level": "warning", "logger": "collector.scripts.compact_daily", "timestamp": "2026-09-16T15:00:39.785683Z"}
{"stream": "orderbook", "date": "2026-06-10", "hour": 2, "event": "compact_daily_missing_hour", "level": "warning", "logger": "collector.scripts.compact_daily", "timestamp": "2026-09-16T15:00:39.785943Z"}
{"stream": "orderbook", "date": "2026-06-10", "hour": 3, "event": "compact_daily_missing_hour", "level": "warning", "logger": "collector.scripts.compact_daily", "timestamp": "2026-09-16T15:00:39.786142Z"}
{"stream": "orderbook", "date": "2026-06-10", "hour": 4, "event": "compact_daily_missing_hour", "level": "warning", "logger": "collector.scripts.compact_daily", "timestamp": "2026-09-16T15:00:39.786328Z"}
{"stream": "orderbook", "date": "2026-06-10", "hour": 5, "event": "compact_daily_missing_hour", "level": "warning", "logger": "collector.scripts.compact_daily", "timestamp": "2026-09-16T15:00:39.786535Z"}
{"stream": "orderbook", "date": "2026-06-10", "hour": 6, "event": "compact_daily_missing_hour", "level": "warning", "logger": "collector.scripts.compact_daily", "timestamp": "2026-09-16T15:00:39.786717Z"}
{"stream": "orderbook", "date": "2026-06-10", "hour": 7, "event": "compact_daily_missing_hour", "level": "warning", "logger": "collector.scripts.compact_daily", "timestamp": "2026-09-16T15:00:39.786891Z"}
{"stream": "orderbook", "date": "2026-06-10", "hour": 8, "event": "compact_daily_missing_hour", "level": "warning", "logger": "collector.scripts.compact_daily", "timestamp": "2026-09-16T15:00:39.787071Z"}
{"stream": "orderbook", "date": "2026-06-10", "hour": 9, "event": "compact_daily_missing_hour", "level": "warning", "logger": "collector.scripts.compact_daily", "timestamp": "2026-09-16T15:00:39.787241Z"}
{"stream": "orderbook", "date": "2026-06-10", "hour": 10, "event": "compact_daily_missing_hour", "level": "warning", "logger": "collector.scripts.compact_daily", "timestamp": "2026-09-16T15:00:39.787441Z"}
{"stream": "orderbook", "date": "2026-06-10", "hour": 11, "event": "compact_daily_missing_hour", "level": "warning", "logger": "collector.scripts.compact_daily", "timestamp": "2026-09-16T15:00:39.787628Z"}
{"stream": "orderbook", "date": "2026-06-10", "hour": 12, "event": "compact_daily_missing_hour", "level": "warning", "logger": "collector.scripts.compact_daily", "timestamp": "2026-09-16T15:00:39.787799Z"}
{"stream": "orderbook", "date": "2026-06-10", "hour": 13, "event": "compact_daily_missing_hour", "level": "warning", "logger": "collector.scripts.compact_daily", "timestamp": "2026-09-16T15:00:39.787971Z"}
{"stream": "orderbook", "date": "2026-06-10", "hour": 14, "event": "compact_daily_missing_hour", "level": "warning", "logger": "collector.scripts.compact_daily", "timestamp": "2026-09-16T15:00:39.788145Z"}
{"stream": "orderbook", "date": "2026-06-10", "hour": 15, "event": "compact_daily_missing_hour", "level": "warning", "logger": "collector.scripts.compact_daily", "timestamp": "2026-09-16T15:00:39.788312Z"}
{"stream": "orderbook", "date": "2026-06-10", "hour": 16, "event": "compact_daily_missing_hour", "level": "warning", "logger": "collector.scripts.compact_daily", "timestamp": "2026-09-16T15:00:39.788540Z"}
{"stream": "orderbook", "date": "2026-06-10", "hour": 17, "event": "compact_daily_missing_hour", "level": "warning", "logger": "collector.scripts.compact_daily", "timestamp": "2026-09-16T15:00:39.788724Z"}
{"stream": "orderbook", "date": "2026-06-10", "hour": 18, "event": "compact_daily_missing_hour", "level": "warning", "logger": "collector.scripts.compact_daily", "timestamp": "2026-09-16T15:00:39.788896Z"}
{"stream": "orderbook", "date": "2026-06-10", "hour": 19, "event": "compact_daily_missing_hour", "level": "warning", "logger": "collector.scripts.compact_daily", "timestamp": "2026-09-16T15:00:39.789065Z"}
{"stream": "orderbook", "date": "2026-06-10", "hour": 20, "event": "compact_daily_missing_hour", "level": "warning", "logger": "collector.scripts.compact_daily", "timestamp": "2026-09-16T15:00:39.789232Z"}
{"stream": "orderbook", "date": "2026-06-10", "hour": 21, "event": "compact_daily_missing_hour", "level": "warning", "logger": "collector.scripts.compact_daily", "timestamp": "2026-09-16T15:00:39.789440Z"}
{"stream": "orderbook", "date": "2026-06-10", "hour": 22, "event": "compact_daily_missing_hour", "level": "warning", "logger": "collector.scripts.compact_daily", "timestamp": "2026-09-16T15:00:39.789624Z"}
{"stream": "orderbook", "date": "2026-06-10", "hour": 23, "event": "compact_daily_missing_hour", "level": "warning", "logger": "collector.scripts.compact_daily", "timestamp": "2026-09-16T15:00:39.789799Z"}
{"stream": "trades", "date": "2026-06-10", "hour": 1, "event": "compact_daily_missing_hour", "level": "warning", "logger": "collector.scripts.compact_daily", "timestamp": "2026-09-16T15:00:39.794263Z"}
{"stream": "trades", "date": "2026-06-10", "hour": 2, "event": "compact_daily_missing_hour", "level": "warning", "logger": "collector.scripts.compact_daily", "timestamp": "2026-09-16T15:00:39.794518Z"}
{"stream": "trades", "date": "2026-06-10", "hour": 3, "event": "compact_daily_missing_hour", "level": "warning", "logger": "collector.scripts.compact_daily", "timestamp": "2026-09-16T15:00:39.794714Z"}
{"stream": "trades", "date": "2026-06-10", "hour": 4, "event": "compact_daily_missing_hour", "level": "warning", "logger": "collector.scripts.compact_daily", "timestamp": "2026-09-16T15:00:39.794898Z"}
{"stream": "trades", "date": "2026-06-10", "hour": 5, "event": "compact_daily_missing_hour", "level": "warning", "logger": "collector.scripts.compact_daily", "timestamp": "2026-09-16T15:00:39.795084Z"}
{"stream": "trades", "date": "2026-06-10", "hour": 6, "event": "compact_daily_missing_hour", "level": "warning", "logger": "collector.scripts.compact_daily", "timestamp": "2026-09-16T15:00:39.795258Z"}
{"stream": "trades", "date": "2026-06-10", "hour": 7, "event": "compact_daily_missing_hour", "level": "warning", "logger": "collector.scripts.compact_daily", "timestamp": "2026-09-16T15:00:39.795463Z"}
{"stream": "trades", "date": "2026-06-10", "hour": 8, "event": "compact_daily_missing_hour", "level": "warning", "logger": "collector.scripts.compact_daily", "timestamp": "2026-09-16T15:00:39.795648Z"}
{"stream": "trades", "date": "2026-06-10", "hour": 9, "event": "compact_daily_missing_hour", "level": "warning", "logger": "collector.scripts.compact_daily", "timestamp": "2026-09-16T15:00:39.795827Z"}
{"stream": "trades", "date": "2026-06-10", "hour": 10, "event": "compact_daily_missing_hour", "level": "warning", "logger": "collector.scripts.compact_daily", "timestamp": "2026-09-16T15:00:39.796002Z"}
{"stream": "trades", "date": "2026-06-10", "hour": 11, "event": "compact_daily_missing_hour", "level": "warning", "logger": "collector.scripts.compact_daily", "timestamp": "2026-09-16T15:00:39.796176Z"}
{"stream": "trades", "date": "2026-06-10", "hour": 12, "event": "compact_daily_missing_hour", "level": "warning", "logger": "collector.scripts.compact_daily", "timestamp": "2026-09-16T15:00:39.796347Z"}
{"stream": "trades", "date": "2026-06-10", "hour": 13, "event": "compact_daily_missing_hour", "level": "warning", "logger": "collector.scripts.compact_daily", "timestamp": "2026-09-16T15:00:39.796550Z"}
{"stream": "trades", "date": "2026-06-10", "hour": 14, "event": "compact_daily_missing_hour", "level": "warning", "logger": "collector.scripts.compact_daily", "timestamp": "2026-09-16T15:00:39.796732Z"}
{"stream": "trades", "date": "2026-06-10", "hour": 15, "event": "compact_daily_missing_hour", "level": "warning", "logger": "collector.scripts.compact_daily", "timestamp": "2026-09-16T15:00:39.796906Z"}
{"stream": "trades", "date": "2026-06-10", "hour": 16, "event": "compact_daily_missing_hour", "level": "warning", "logger": "collector.scripts.compact_daily", "timestamp": "2026-09-16T15:00:39.797080Z"}
{"stream": "trades", "date": "2026-06-10", "hour": 17, "event": "compact_daily_missing_hour", "level": "warning", "logger": "collector.scripts.compact_daily", "timestamp": "2026-09-16T15:00:39.797252Z"}
{"stream": "trades", "date": "2026-06-10", "hour": 18, "event": "compact_daily_missing_hour", "level": "warning", "logger": "collector.scripts.compact_daily", "timestamp": "2026-09-16T15:00:39.797460Z"}
{"stream": "trades", "date": "2026-06-10", "hour": 19, "event": "compact_daily_missing_hour", "level": "warning", "logger": "collector.scripts.compact_daily", "timestamp": "2026-09-16T15:00:39.797640Z"}
{"stream": "trades", "date": "2026-06-10", "hour": 20, "event": "compact_daily_missing_hour", "level": "warning", "logger": "collector.scripts.compact_daily", "timestamp": "2026-09-16T15:00:39.797808Z"}
{"stream": "trades", "date": "2026-06-10", "hour": 21, "event": "compact_daily_missing_hour", "level": "warning", "logger": "collector.scripts.compact_daily", "timestamp": "2026-09-16T15:00:39.797977Z"}
{"stream": "trades", "date": "2026-06-10", "hour": 22, "event": "compact_daily_missing_hour", "level": "warning", "logger": "collector.scripts.compact_daily", "timestamp": "2026-09-16T15:00:39.798154Z"}
{"stream": "trades", "date": "2026-06-10", "hour": 23, "event": "compact_daily_missing_hour", "level": "warning", "logger": "collector.scripts.compact_daily", "timestamp": "2026-09-16T15:00:39.798326Z"}
{"stream": "markprice", "date": "2026-06-10", "hour": 1, "event": "compact_daily_missing_hour", "level": "warning", "logger": "collector.scripts.compact_daily", "timestamp": "2026-09-16T15:00:39.802336Z"}
{"stream": "markprice", "date": "2026-06-10", "hour": 2, "event": "compact_daily_missing_hour", "level": "warning", "logger": "collector.scripts.compact_daily", "timestamp": "2026-09-16T15:00:39.802601Z"}
{"stream": "markprice", "date": "2026-06-10", "hour": 3, "event": "compact_daily_missing_hour", "level": "warning", "logger": "collector.scripts.compact_daily", "timestamp": "2026-09-16T15:00:39.802800Z"}
{"stream": "markprice", "date": "2026-06-10", "hour": 4, "event": "compact_daily_missing_hour", "level": "warning", "logger": "collector.scripts.compact_daily", "timestamp": "2026-09-16T15:00:39.802991Z"}
{"stream": "markprice", "date": "2026-06-10", "hour": 5, "event": "compact_daily_missing_hour", "level": "warning", "logger": "collector.scripts.compact_daily", "timestamp": "2026-09-16T15:00:39.803185Z"}
{"stream": "markprice", "date": "2026-06-10", "hour": 6, "event": "compact_daily_missing_hour", "level": "warning", "logger": "collector.scripts.compact_daily", "timestamp": "2026-09-16T15:00:39.803367Z"}
{"stream": "markprice", "date": "2026-06-10", "hour": 7, "event": "compact_daily_missing_hour", "level": "warning", "logger": "collector.scripts.compact_daily", "timestamp": "2026-09-16T15:00:39.803583Z"}
{"stream": "markprice", "date": "2026-06-10", "hour": 8, "event": "compact_daily_missing_hour", "level": "warning", "logger": "collector.scripts.compact_daily", "timestamp": "2026-09-16T15:00:39.803766Z"}
{"stream": "markprice", "date": "2026-06-10", "hour": 9, "event": "compact_daily_missing_hour", "level": "warning", "logger": "collector.scripts.compact_daily", "timestamp": "2026-09-16T15:00:39.803946Z"}
{"stream": "markprice", "date": "2026-06-10", "hour": 10, "event": "compact_daily_missing_hour", "level": "warning", "logger": "collector.scripts.compact_daily", "timestamp": "2026-09-16T15:00:39.804125Z"}
{"stream": "markprice", "date": "2026-06-10", "hour": 11, "event": "compact_daily_missing_hour", "level": "warning", "logger": "collector.scripts.compact_daily", "timestamp": "2026-09-16T15:00:39.804307Z"}
{"stream": "markprice", "date": "2026-06-10", "hour": 12, "event": "compact_daily_missing_hour", "level": "warning", "logger": "collector.scripts.compact_daily", "timestamp": "2026-09-16T15:00:39.804544Z"}
{"stream": "markprice", "date": "2026-06-10", "hour": 13, "event": "compact_daily_missing_hour", "level": "warning", "logger": "collector.scripts.compact_daily", "timestamp": "2026-09-16T15:00:39.804741Z"}
{"stream": "markprice", "date": "2026-06-10", "hour": 14, "event": "compact_daily_missing_hour", "level": "warning", "logger": "collector.scripts.compact_daily", "timestamp": "2026-09-16T15:00:39.804922Z"}
{"stream": "markprice", "date": "2026-06-10", "hour": 15, "event": "compact_daily_missing_hour", "level": "warning", "logger": "collector.scripts.compact_daily", "timestamp": "2026-09-16T15:00:39.805098Z"}
{"stream": "markprice", "date": "2026-06-10", "hour": 16, "event": "compact_daily_missing_hour", "level": "warning", "logger": "collector.scripts.compact_daily", "timestamp": "2026-09-16T15:00:39.805274Z"}
{"stream": "markprice", "date": "2026-06-10", "hour": 17, "event": "compact_daily_missing_hour", "level": "warning", "logger": "collector.scripts.compact_daily", "timestamp": "2026-09-16T15:00:39.805476Z"}
{"stream": "markprice", "date": "2026-06-10", "hour": 18, "event": "compact_daily_missing_hour", "level": "warning", "logger": "collector.scripts.compact_daily", "timestamp": "2026-09-16T15:00:39.805661Z"}
{"stream": "markprice", "date": "2026-06-10", "hour": 19, "event": "compact_daily_missing_hour", "level": "warning", "logger": "collector.scripts.compact_daily", "timestamp": "2026-09-16T15:00:39.805834Z"}
{"stream": "markprice", "date": "2026-06-10", "hour": 20, "event": "compact_daily_missing_hour", "level": "warning", "logger": "collector.scripts.compact_daily", "timestamp": "2026-09-16T15:00:39.806006Z"}
{"stream": "markprice", "date": "2026-06-10", "hour": 21, "event": "compact_daily_missing_hour", "level": "warning", "logger": "collector.scripts.compact_daily", "timestamp": "2026-09-16T15:00:39.806190Z"}
{"stream": "markprice", "date": "2026-06-10", "hour": 22, "event": "compact_daily_missing_hour", "level": "warning", "logger": "collector.scripts.compact_daily", "timestamp": "2026-09-16T15:00:39.806372Z"}
{"stream": "markprice", "date": "2026-06-10", "hour": 23, "event": "compact_daily_missing_hour", "level": "warning", "logger": "collector.scripts.compact_daily", "timestamp": "2026-09-16T15:00:39.806581Z"}
{"stream": "markprice", "date": "2026-06-10", "rows": 1, "event": "compact_daily", "level": "info", "logger": "collector.scripts.compact_daily", "timestamp": "2026-09-16T15:00:39.810924Z"}
{"stream": "trades", "date": "2026-06-10", "hour": 0, "event": "compact_daily_missing_hour", "level": "warning", "logger": "collector.scripts.compact_daily", "timestamp": "2026-09-16T15:00:39.813898Z"}
{"stream": "trades", "date": "2026-06-10", "hour": 1, "event": "compact_daily_missing_hour", "level": "warning", "logger": "collector.scripts.compact_daily", "timestamp": "2026-09-16T15:00:39.814140Z"}
{"stream": "trades", "date": "2026-06-10", "hour": 2, "event": "compact_daily_missing_hour", "level": "warning", "logger": "collector.scripts.compact_daily", "timestamp": "2026-09-16T15:00:39.814338Z"}
{"stream": "trades", "date": "2026-06-10", "hour": 3, "event": "compact_daily_missing_hour", "level": "warning", "logger": "collector.scripts.compact_daily", "timestamp": "2026-09-16T15:00:39.814574Z"}
{"stream": "trades", "date": "2026-06-10", "hour": 4, "event": "compact_daily_missing_hour", "level": "warning", "logger": "collector.scripts.compact_daily", "timestamp": "2026-09-16T15:00:39.814776Z"}
{"stream": "trades", "date": "2026-06-10", "hour": 5, "event": "compact_daily_missing_hour", "level": "warning", "logger": "collector.scripts.compact_daily", "timestamp": "2026-09-16T15:00:39.814968Z"}
{"stream": "trades", "date": "2026-06-10", "hour": 6, "event": "compact_daily_missing_hour", "level": "warning", "logger": "collector.scripts.compact_daily", "timestamp": "2026-09-16T15:00:39.815158Z"}
{"stream": "trades", "date": "2026-06-10", "hour": 7, "event": "compact_daily_missing_hour", "level": "warning", "logger": "collector.scripts.compact_daily", "timestamp": "2026-09-16T15:00:39.815342Z"}
{"stream": "trades", "date": "2026-06-10", "hour": 8, "event": "compact_daily_missing_hour", "level": "warning", "logger": "collector.scripts.compact_daily", "timestamp": "2026-09-16T15:00:39.815552Z"}
{"stream": "trades", "date": "2026-06-10", "hour": 11, "event": "compact_daily_missing_hour", "level": "warning", "logger": "collector.scripts.compact_daily", "timestamp": "2026-09-16T15:00:39.815940Z"}
{"stream": "trades", "date": "2026-06-10", "hour": 12, "event": "compact_daily_missing_hour", "level": "warning", "logger": "collector.scripts.compact_daily", "timestamp": "2026-09-16T15:00:39.816128Z"}
{"stream": "trades", "date": "2026-06-10", "hour": 13, "event": "compact_daily_missing_hour", "level": "warning", "logger": "collector.scripts.compact_daily", "timestamp": "2026-09-16T15:00:39.816310Z"}
{"stream": "trades", "date": "2026-06-10", "hour": 14, "event": "compact_daily_missing_hour", "level": "warning", "logger": "collector.scripts.compact_daily", "timestamp": "2026-09-16T15:00:39.816515Z"}
{"stream": "trades", "date": "2026-06-10", "hour": 15, "event": "compact_daily_missing_hour", "level": "warning", "logger": "collector.scripts.compact_daily", "timestamp": "2026-09-16T15:00:39.816706Z"}
{"stream": "trades", "date": "2026-06-10", "hour": 16, "event": "compact_daily_missing_hour", "level": "warning", "logger": "collector.scripts.compact_daily", "timestamp": "2026-09-16T15:00:39.816892Z"}
{"stream": "trades", "date": "2026-06-10", "hour": 17, "event": "compact_daily_missing_hour", "level": "warning", "logger": "collector.scripts.compact_daily", "timestamp": "2026-09-16T15:00:39.817073Z"}
{"stream": "trades", "date": "2026-06-10", "hour": 18, "event": "compact_daily_missing_hour", "level": "warning", "logger": "collector.scripts.compact_daily", "timestamp": "2026-09-16T15:00:39.817249Z"}
{"stream": "trades", "date": "2026-06-10", "hour": 19, "event": "compact_daily_missing_hour", "level": "warning", "logger": "collector.scripts.compact_daily", "timestamp": "2026-09-16T15:00:39.817465Z"}
{"stream": "trades", "date": "2026-06-10", "hour": 20, "event": "compact_daily_missing_hour", "level": "warning", "logger": "collector.scripts.compact_daily", "timestamp": "2026-09-16T15:00:39.817665Z"}
{"stream": "trades", "date": "2026-06-10", "hour": 21, "event": "compact_daily_missing_hour", "level": "warning", "logger": "collector.scripts.compact_daily", "timestamp": "2026-09-16T15:00:39.817860Z"}
{"stream": "trades", "date": "2026-06-10", "hour": 22, "event": "compact_daily_missing_hour", "level": "warning", "logger": "collector.scripts.compact_daily", "timestamp": "2026-09-16T15:00:39.818038Z"}
{"stream": "trades", "date": "2026-06-10", "hour": 23, "event": "compact_daily_missing_hour", "level": "warning", "logger": "collector.scripts.compact_daily", "timestamp": "2026-09-16T15:00:39.818235Z"}
{"stream": "trades", "date": "2026-06-10", "rows": 2, "event": "compact_daily", "level": "info", "logger": "collector.scripts.compact_daily", "timestamp": "2026-09-16T15:00:39.824391Z"}
{"stream": "openinterest", "date": "2026-06-10", "hour": 1, "event": "compact_daily_missing_hour", "level": "warning", "logger": "collector.scripts.compact_daily", "timestamp": "2026-09-16T15:00:39.827886Z"}
{"stream": "openinterest", "date": "2026-06-10", "hour": 2, "event": "compact_daily_missing_hour", "level": "warning", "logger": "collector.scripts.compact_daily", "timestamp": "2026-09-16T15:00:39.828117Z"}
{"stream": "openinterest", "date": "2026-06-10", "hour": 3, "event": "compact_daily_missing_hour", "level": "warning", "logger": "collector.scripts.compact_daily", "timestamp": "2026-09-16T15:00:39.828307Z"}
{"stream": "openinterest", "date": "2026-06-10", "hour": 4, "event": "compact_daily_missing_hour", "level": "warning", "logger": "collector.scripts.compact_daily", "timestamp": "2026-09-16T15:00:39.828514Z"}
{"stream": "openinterest", "date": "2026-06-10", "hour": 5, "event": "compact_daily_missing_hour", "level": "warning", "logger": "collector.scripts.compact_daily", "timestamp": "2026-09-16T15:00:39.828699Z"}
{"stream": "openinterest", "date": "2026-06-10", "hour": 6, "event": "compact_daily_missing_hour", "level": "warning", "logger": "collector.scripts.compact_daily", "timestamp": "2026-09-16T15:00:39.828871Z"}
{"stream": "openinterest", "date": "2026-06-10", "hour": 7, "event": "compact_daily_missing_hour", "level": "warning", "logger": "collector.scripts.compact_daily", "timestamp": "2026-09-16T15:00:39.829045Z"}
{"stream": "openinterest", "date": "2026-06-10", "hour": 8, "event": "compact_daily_missing_hour", "level": "warning", "logger": "collector.scripts.compact_daily", "timestamp": "2026-09-16T15:00:39.829215Z"}
{"stream": "openinterest", "date": "2026-06-10", "hour": 9, "event": "compact_daily_missing_hour", "level": "warning", "logger": "collector.scripts.compact_daily", "timestamp": "2026-09-16T15:00:39.829385Z"}
{"stream": "openinterest", "date": "2026-06-10", "hour": 10, "event": "compact_daily_missing_hour", "level": "warning", "logger": "collector.scripts.compact_daily", "timestamp": "2026-09-16T15:00:39.829589Z"}
{"stream": "openinterest", "date": "2026-06-10", "hour": 11, "event": "compact_daily_missing_hour", "level": "warning", "logger": "collector.scripts.compact_daily", "timestamp": "2026-09-16T15:00:39.829762Z"}
{"stream": "openinterest", "date": "2026-06-10", "hour": 12, "event": "compact_daily_missing_hour", "level": "warning", "logger": "collector.scripts.compact_daily", "timestamp": "2026-09-16T15:00:39.829930Z"}
{"stream": "openinterest", "date": "2026-06-10", "hour": 13, "event": "compact_daily_missing_hour", "level": "warning", "logger": "collector.scripts.compact_daily", "timestamp": "2026-09-16T15:00:39.830098Z"}
{"stream": "openinterest", "date": "2026-06-10", "hour": 14, "event": "compact_daily_missing_hour", "level": "warning", "logger": "collector.scripts.compact_daily", "timestamp": "2026-09-16T15:00:39.830266Z"}
{"stream": "openinterest", "date": "2026-06-10", "hour": 15, "event": "compact_daily_missing_hour", "level": "warning", "logger": "collector.scripts.compact_daily", "timestamp": "2026-09-16T15:00:39.830469Z"}
{"stream": "openinterest", "date": "2026-06-10", "hour": 16, "event": "compact_daily_missing_hour", "level": "warning", "logger": "collector.scripts.compact_daily", "timestamp": "2026-09-16T15:00:39.830646Z"}
{"stream": "openinterest", "date": "2026-06-10", "hour": 17, "event": "compact_daily_missing_hour", "level": "warning", "logger": "collector.scripts.compact_daily", "timestamp": "2026-09-16T15:00:39.830815Z"}
{"stream": "openinterest", "date": "2026-06-10", "hour": 18, "event": "compact_daily_missing_hour", "level": "warning", "logger": "collector.scripts.compact_daily", "timestamp": "2026-09-16T15:00:39.830988Z"}
{"stream": "openinterest", "date": "2026-06-10", "hour": 19, "event": "compact_daily_missing_hour", "level": "warning", "logger": "collector.scripts.compact_daily", "timestamp": "2026-09-16T15:00:39.831153Z"}
{"stream": "openinterest", "date": "2026-06-10", "hour": 20, "event": "compact_daily_missing_hour", "level": "warning", "logger": "collector.scripts.compact_daily", "timestamp": "2026-09-16T15:00:39.831319Z"}
{"stream": "openinterest", "date": "2026-06-10", "hour": 21, "event": "compact_daily_missing_hour", "level": "warning", "logger": "collector.scripts.compact_daily", "timestamp": "2026-09-16T15:00:39.831526Z"}
{"stream": "openinterest", "date": "2026-06-10", "hour": 22, "event": "compact_daily_missing_hour", "level": "warning", "logger": "collector.scripts.compact_daily", "timestamp": "2026-09-16T15:00:39.831709Z"}
{"stream": "openinterest", "date": "2026-06-10", "hour": 23, "event": "compact_daily_missing_hour", "level": "warning", "logger": "collector.scripts.compact_daily", "timestamp": "2026-09-16T15:00:39.831879Z"}
{"stream": "liquidation", "date": "2026-06-10", "hour": 1, "event": "compact_daily_missing_hour", "level": "warning", "logger": "collector.scripts.compact_daily", "timestamp": "2026-09-16T15:00:39.836606Z"}
{"stream": "liquidation", "date": "2026-06-10", "hour": 2, "event": "compact_daily_missing_hour", "level": "warning", "logger": "collector.scripts.compact_daily", "timestamp": "2026-09-16T15:00:39.836836Z"}
{"stream": "liquidation", "date": "2026-06-10", "hour": 3, "event": "compact_daily_missing_hour", "level": "warning", "logger": "collector.scripts.compact_daily", "timestamp": "2026-09-16T15:00:39.837023Z"}
{"stream": "liquidation", "date": "2026-06-10", "hour": 4, "event": "compact_daily_missing_hour", "level": "warning", "logger": "collector.scripts.compact_daily", "timestamp": "2026-09-16T15:00:39.837206Z"}
{"stream": "liquidation", "date": "2026-06-10", "hour": 5, "event": "compact_daily_missing_hour", "level": "warning", "logger": "collector.scripts.compact_daily", "timestamp": "2026-09-16T15:00:39.837422Z"}
{"stream": "liquidation", "date": "2026-06-10", "hour": 6, "event": "compact_daily_missing_hour", "level": "warning", "logger": "collector.scripts.compact_daily", "timestamp": "2026-09-16T15:00:39.837611Z"}
{"stream": "liquidation", "date": "2026-06-10", "hour": 7, "event": "compact_daily_missing_hour", "level": "warning", "logger": "collector.scripts.compact_daily", "timestamp": "2026-09-16T15:00:39.837795Z"}
{"stream": "liquidation", "date": "2026-06-10", "hour": 8, "event": "compact_daily_missing_hour", "level": "warning", "logger": "collector.scripts.compact_daily", "timestamp": "2026-09-16T15:00:39.837968Z"}
{"stream": "liquidation", "date": "2026-06-10", "hour": 9, "event": "compact_daily_missing_hour", "level": "warning", "logger": "collector.scripts.compact_daily", "timestamp": "2026-09-16T15:00:39.838146Z"}
{"stream": "liquidation", "date": "2026-06-10", "hour": 10, "event": "compact_daily_missing_hour", "level": "warning", "logger": "collector.scripts.compact_daily", "timestamp": "2026-09-16T15:00:39.838316Z"}
{"stream": "liquidation", "date": "2026-06-10", "hour": 11, "event": "compact_daily_missing_hour", "level": "warning", "logger": "collector.scripts.compact_daily", "timestamp": "2026-09-16T15:00:39.838509Z"}
{"stream": "liquidation", "date": "2026-06-10", "hour": 12, "event": "compact_daily_missing_hour", "level": "warning", "logger": "collector.scripts.compact_daily", "timestamp": "2026-09-16T15:00:39.838696Z"}
{"stream": "liquidation", "date": "2026-06-10", "hour": 13, "event": "compact_daily_missing_hour", "level": "warning", "logger": "collector.scripts.compact_daily", "timestamp": "2026-09-16T15:00:39.838867Z"}
{"stream": "liquidation", "date": "2026-06-10", "hour": 14, "event": "compact_daily_missing_hour", "level": "warning", "logger": "collector.scripts.compact_daily", "timestamp": "2026-09-16T15:00:39.839042Z"}
{"stream": "liquidation", "date": "2026-06-10", "hour": 15, "event": "compact_daily_missing_hour", "level": "warning", "logger": "collector.scripts.compact_daily", "timestamp": "2026-09-16T15:00:39.839209Z"}
{"stream": "liquidation", "date": "2026-06-10", "hour": 16, "event": "compact_daily_missing_hour", "level": "warning", "logger": "collector.scripts.compact_daily", "timestamp": "2026-09-16T15:00:39.839374Z"}
{"stream": "liquidation", "date": "2026-06-10", "hour": 17, "event": "compact_daily_missing_hour", "level": "warning", "logger": "collector.scripts.compact_daily", "timestamp": "2026-09-16T15:00:39.839575Z"}
{"stream": "liquidation", "date": "2026-06-10", "hour": 18, "event": "compact_daily_missing_hour", "level": "warning", "logger": "collector.scripts.compact_daily", "timestamp": "2026-09-16T15:00:39.839745Z"}
{"stream": "liquidation", "date": "2026-06-10", "hour": 19, "event": "compact_daily_missing_hour", "level": "warning", "logger": "collector.scripts.compact_daily", "timestamp": "2026-09-16T15:00:39.839911Z"}
{"stream": "liquidation", "date": "2026-06-10", "hour": 20, "event": "compact_daily_missing_hour", "level": "warning", "logger": "collector.scripts.compact_daily", "timestamp": "2026-09-16T15:00:39.840074Z"}
{"stream": "liquidation", "date": "2026-06-10", "hour": 21, "event": "compact_daily_missing_hour", "level": "warning", "logger": "collector.scripts.compact_daily", "timestamp": "2026-09-16T15:00:39.840247Z"}
{"stream": "liquidation", "date": "2026-06-10", "hour": 22, "event": "compact_daily_missing_hour", "level": "warning", "logger": "collector.scripts.compact_daily", "timestamp": "2026-09-16T15:00:39.840464Z"}
{"stream": "liquidation", "date": "2026-06-10", "hour": 23, "event": "compact_daily_missing_hour", "level": "warning", "logger": "collector.scripts.compact_daily", "timestamp": "2026-09-16T15:00:39.840656Z"}
{"date": "2026-06-10", "coverage_hours": 0.0, "event": "compact_daily_low_liquidation_coverage", "level": "warning", "logger": "collector.scripts.compact_daily", "timestamp": "2026-09-16T15:00:39.844431Z"}
{"stream": "liquidation", "date": "2026-06-10", "rows": 1, "event": "compact_daily", "level": "info", "logger": "collector.scripts.compact_daily", "timestamp": "2026-09-16T15:00:39.845775Z"}
{"stream": "orderbook", "date": "2026-06-10", "hour": 1, "event": "compact_daily_missing_hour", "level": "warning", "logger": "collector.scripts.compact_daily", "timestamp": "2026-09-16T15:00:39.848772Z"}
{"stream": "orderbook", "date": "2026-06-10", "hour": 2, "event": "compact_daily_missing_hour", "level": "warning", "logger": "collector.scripts.compact_daily", "timestamp": "2026-09-16T15:00:39.848995Z"}
{"stream": "orderbook", "date": "2026-06-10", "hour": 3, "event": "compact_daily_missing_hour", "level": "warning", "logger": "collector.scripts.compact_daily", "timestamp": "2026-09-16T15:00:39.849180Z"}
{"stream": "orderbook", "date": "2026-06-10", "hour": 4, "event": "compact_daily_missing_hour", "level": "warning", "logger": "collector.scripts.compact_daily", "timestamp": "2026-09-16T15:00:39.849360Z"}
{"stream": "orderbook", "date": "2026-06-10", "hour": 5, "event": "compact_daily_missing_hour", "level": "warning", "logger": "collector.scripts.compact_daily", "timestamp": "2026-09-16T15:00:39.849572Z"}
{"stream": "orderbook", "date": "2026-06-10", "hour": 6, "event": "compact_daily_missing_hour", "level": "warning", "logger": "collector.scripts.compact_daily", "timestamp": "2026-09-16T15:00:39.849747Z"}
{"stream": "orderbook", "date": "2026-06-10", "hour": 7, "event": "compact_daily_missing_hour", "level": "warning", "logger": "collector.scripts.compact_daily", "timestamp": "2026-09-16T15:00:39.849925Z"}
{"stream": "orderbook", "date": "2026-06-10", "hour": 8, "event": "compact_daily_missing_hour", "level": "warning", "logger": "collector.scripts.compact_daily", "timestamp": "2026-09-16T15:00:39.850091Z"}
{"stream": "orderbook", "date": "2026-06-10", "hour": 9, "event": "compact_daily_missing_hour", "level": "warning", "logger": "collector.scripts.compact_daily", "timestamp": "2026-09-16T15:00:39.850257Z"}
{"stream": "orderbook", "date": "2026-06-10", "hour": 10, "event": "compact_daily_missing_hour", "level": "warning", "logger": "collector.scripts.compact_daily", "timestamp": "2026-09-16T15:00:39.850449Z"}
{"stream": "orderbook", "date": "2026-06-10", "hour": 11, "event": "compact_daily_missing_hour", "level": "warning", "logger": "collector.scripts.compact_daily", "timestamp": "2026-09-16T15:00:39.850628Z"}
{"stream": "orderbook", "date": "2026-06-10", "hour": 12, "event": "compact_daily_missing_hour", "level": "warning", "logger": "collector.scripts.compact_daily", "timestamp": "2026-09-16T15:00:39.850794Z"}
{"stream": "orderbook", "date": "2026-06-10", "hour": 13, "event": "compact_daily_missing_hour", "level": "warning", "logger": "collector.scripts.compact_daily", "timestamp": "2026-09-16T15:00:39.850959Z"}
{"stream": "orderbook", "date": "2026-06-10", "hour": 14, "event": "compact_daily_missing_hour", "level": "warning", "logger": "collector.scripts.compact_daily", "timestamp": "2026-09-16T15:00:39.851125Z"}
{"stream": "orderbook", "date": "2026-06-10", "hour": 15, "event": "compact_daily_missing_hour", "level": "warning", "logger": "collector.scripts.compact_daily", "timestamp": "2026-09-16T15:00:39.851289Z"}
{"stream": "orderbook", "date": "2026-06-10", "hour": 16, "event": "compact_daily_missing_hour", "level": "warning", "logger": "collector.scripts.compact_daily", "timestamp": "2026-09-16T15:00:39.851484Z"}
{"stream": "orderbook", "date": "2026-06-10", "hour": 17, "event": "compact_daily_missing_hour", "level": "warning", "logger": "collector.scripts.compact_daily", "timestamp": "2026-09-16T15:00:39.851658Z"}
{"stream": "orderbook", "date": "2026-06-10", "hour": 18, "event": "compact_daily_missing_hour", "level": "warning", "logger": "collector.scripts.compact_daily", "timestamp": "2026-09-16T15:00:39.851825Z"}
{"stream": "orderbook", "date": "2026-06-10", "hour": 19, "event": "compact_daily_missing_hour", "level": "warning", "logger": "collector.scripts.compact_daily", "timestamp": "2026-09-16T15:00:39.851990Z"}
{"stream": "orderbook", "date": "2026-06-10", "hour": 20, "event": "compact_daily_missing_hour", "level": "warning", "logger": "collector.scripts.compact_daily", "timestamp": "2026-09-16T15:00:39.852200Z"}
{"stream": "orderbook", "date": "2026-06-10", "hour": 21, "event": "compact_daily_missing_hour", "level": "warning", "logger": "collector.scripts.compact_daily", "timestamp": "2026-09-16T15:00:39.852389Z"}
{"stream": "orderbook", "date": "2026-06-10", "hour": 22, "event": "compact_daily_missing_hour", "level": "warning", "logger": "collector.scripts.compact_daily", "timestamp": "2026-09-16T15:00:39.852600Z"}
{"stream": "orderbook", "date": "2026-06-10", "hour": 23, "event": "compact_daily_missing_hour", "level": "warning", "logger": "collector.scripts.compact_daily", "timestamp": "2026-09-16T15:00:39.852773Z"}
{"stream": "orderbook", "date": "2026-06-10", "rows": 1, "event": "compact_daily", "level": "info", "logger": "collector.scripts.compact_daily", "timestamp": "2026-09-16T15:00:39.858604Z"}
{"stream": "trades", "date": "2026-06-10", "hour": 1, "event": "compact_daily_missing_hour", "level": "warning", "logger": "collector.scripts.compact_daily", "timestamp": "2026-09-16T15:00:39.861091Z"}
{"stream": "trades", "date": "2026-06-10", "hour": 2, "event": "compact_daily_missing_hour", "level": "warning", "logger": "collector.scripts.compact_daily", "timestamp": "2026-09-16T15:00:39.861350Z"}
{"stream": "trades", "date": "2026-06-10", "hour": 3, "event": "compact_daily_missing_hour", "level": "warning", "logger": "collector.scripts.compact_daily", "timestamp": "2026-09-16T15:00:39.861612Z"}
{"stream": "trades", "date": "2026-06-10", "hour": 4, "event": "compact_daily_missing_hour", "level": "warning", "logger": "collector.scripts.compact_daily", "timestamp": "2026-09-16T15:00:39.861798Z"}
{"stream": "trades", "date": "2026-06-10", "hour": 5, "event": "compact_daily_missing_hour", "level": "warning", "logger": "collector.scripts.compact_daily", "timestamp": "2026-09-16T15:00:39.861974Z"}
{"stream": "trades", "date": "2026-06-10", "hour": 6, "event": "compact_daily_missing_hour", "level": "warning", "logger": "collector.scripts.compact_daily", "timestamp": "2026-09-16T15:00:39.862143Z"}
{"stream": "trades", "date": "2026-06-10", "hour": 7, "event": "compact_daily_missing_hour", "level": "warning", "logger": "collector.scripts.compact_daily", "timestamp": "2026-09-16T15:00:39.862311Z"}
{"stream": "trades", "date": "2026-06-10", "hour": 8, "event": "compact_daily_missing_hour", "level": "warning", "logger": "collector.scripts.compact_daily", "timestamp": "2026-09-16T15:00:39.862507Z"}
{"stream": "trades", "date": "2026-06-10", "hour": 9, "event": "compact_daily_missing_hour", "level": "warning", "logger": "collector.scripts.compact_daily", "timestamp": "2026-09-16T15:00:39.862684Z"}
{"stream": "trades", "date": "2026-06-10", "hour": 10, "event": "compact_daily_missing_hour", "level": "warning", "logger": "collector.scripts.compact_daily", "timestamp": "2026-09-16T15:00:39.862857Z"}
{"stream": "trades", "date": "2026-06-10", "hour": 11, "event": "compact_daily_missing_hour", "level": "warning", "logger": "collector.scripts.compact_daily", "timestamp": "2026-09-16T15:00:39.863027Z"}
{"stream": "trades", "date": "2026-06-10", "hour": 12, "event": "compact_daily_missing_hour", "level": "warning", "logger": "collector.scripts.compact_daily", "timestamp": "2026-09-16T15:00:39.863197Z"}
{"stream": "trades", "date": "2026-06-10", "hour": 13, "event": "compact_daily_missing_hour", "level": "warning", "logger": "collector.scripts.compact_daily", "timestamp": "2026-09-16T15:00:39.863368Z"}
{"stream": "trades", "date": "2026-06-10", "hour": 14, "event": "compact_daily_missing_hour", "level": "warning", "logger": "collector.scripts.compact_daily", "timestamp": "2026-09-16T15:00:39.863592Z"}
{"stream": "trades", "date": "2026-06-10", "hour": 15, "event": "compact_daily_missing_hour", "level": "warning", "logger": "collector.scripts.compact_daily", "timestamp": "2026-09-16T15:00:39.863765Z"}
{"stream": "trades", "date": "2026-06-10", "hour": 16, "event": "compact_daily_missing_hour", "level": "warning", "logger": "collector.scripts.compact_daily", "timestamp": "2026-09-16T15:00:39.863937Z"}
{"stream": "trades", "date": "2026-06-10", "hour": 17, "event": "compact_daily_missing_hour", "level": "warning", "logger": "collector.scripts.compact_daily", "timestamp": "2026-09-16T15:00:39.864106Z"}
{"stream": "trades", "date": "2026-06-10", "hour": 18, "event": "compact_daily_missing_hour", "level": "warning", "logger": "collector.scripts.compact_daily", "timestamp": "2026-09-16T15:00:39.864284Z"}
{"stream": "trades", "date": "2026-06-10", "hour": 19, "event": "compact_daily_missing_hour", "level": "warning", "logger": "collector.scripts.compact_daily", "timestamp": "2026-09-16T15:00:39.864477Z"}
{"stream": "trades", "date": "2026-06-10", "hour": 20, "event": "compact_daily_missing_hour", "level": "warning", "logger": "collector.scripts.compact_daily", "timestamp": "2026-09-16T15:00:39.864652Z"}
{"stream": "trades", "date": "2026-06-10", "hour": 21, "event": "compact_daily_missing_hour", "level": "warning", "logger": "collector.scripts.compact_daily", "timestamp": "2026-09-16T15:00:39.864820Z"}
{"stream": "trades", "date": "2026-06-10", "hour": 22, "event": "compact_daily_missing_hour", "level": "warning", "logger": "collector.scripts.compact_daily", "timestamp": "2026-09-16T15:00:39.864985Z"}
{"stream": "trades", "date": "2026-06-10", "hour": 23, "event": "compact_daily_missing_hour", "level": "warning", "logger": "collector.scripts.compact_daily", "timestamp": "2026-09-16T15:00:39.865165Z"}
{"stream": "trades", "date": "2026-06-10", "rows": 1, "event": "compact_daily", "level": "info", "logger": "collector.scripts.compact_daily", "timestamp": "2026-09-16T15:00:39.869548Z"}
{"stream": "markprice", "date": "2026-06-10", "hour": 1, "event": "compact_daily_missing_hour", "level": "warning", "logger": "collector.scripts.compact_daily", "timestamp": "2026-09-16T15:00:39.871629Z"}
{"stream": "markprice", "date": "2026-06-10", "hour": 2, "event": "compact_daily_missing_hour", "level": "warning", "logger": "collector.scripts.compact_daily", "timestamp": "2026-09-16T15:00:39.871846Z"}
{"stream": "markprice", "date": "2026-06-10", "hour": 3, "event": "compact_daily_missing_hour", "level": "warning", "logger": "collector.scripts.compact_daily", "timestamp": "2026-09-16T15:00:39.872034Z"}
{"stream": "markprice", "date": "2026-06-10", "hour": 4, "event": "compact_daily_missing_hour", "level": "warning", "logger": "collector.scripts.compact_daily", "timestamp": "2026-09-16T15:00:39.872216Z"}
{"stream": "markprice", "date": "2026-06-10", "hour": 5, "event": "compact_daily_missing_hour", "level": "warning", "logger": "collector.scripts.compact_daily", "timestamp": "2026-09-16T15:00:39.872391Z"}
{"stream": "markprice", "date": "2026-06-10", "hour": 6, "event": "compact_daily_missing_hour", "level": "warning", "logger": "collector.scripts.compact_daily", "timestamp": "2026-09-16T15:00:39.872610Z"}
{"stream": "markprice", "date": "2026-06-10", "hour": 7, "event": "compact_daily_missing_hour", "level": "warning", "logger": "collector.scripts.compact_daily", "timestamp": "2026-09-16T15:00:39.872783Z"}
{"stream": "markprice", "date": "2026-06-10", "hour": 8, "event": "compact_daily_missing_hour", "level": "warning", "logger": "collector.scripts.compact_daily", "timestamp": "2026-09-16T15:00:39.872952Z"}
{"stream": "markprice", "date": "2026-06-10", "hour": 9, "event": "compact_daily_missing_hour", "level": "warning", "logger": "collector.scripts.compact_daily", "timestamp": "2026-09-16T15:00:39.873119Z"}
{"stream": "markprice", "date": "2026-06-10", "hour": 10, "event": "compact_daily_missing_hour", "level": "warning", "logger": "collector.scripts.compact_daily", "timestamp": "2026-09-16T15:00:39.873291Z"}
{"stream": "markprice", "date": "2026-06-10", "hour": 11, "event": "compact_daily_missing_hour", "level": "warning", "logger": "collector.scripts.compact_daily", "timestamp": "2026-09-16T15:00:39.873494Z"}
{"stream": "markprice", "date": "2026-06-10", "hour": 12, "event": "compact_daily_missing_hour", "level": "warning", "logger": "collector.scripts.compact_daily", "timestamp": "2026-09-16T15:00:39.873671Z"}
{"stream": "markprice", "date": "2026-06-10", "hour": 13, "event": "compact_daily_missing_hour", "level": "warning", "logger": "collector.scripts.compact_daily", "timestamp": "2026-09-16T15:00:39.873838Z"}
{"stream": "markprice", "date": "2026-06-10", "hour": 14, "event": "compact_daily_missing_hour", "level": "warning", "logger": "collector.scripts.compact_daily", "timestamp": "2026-09-16T15:00:39.874014Z"}
{"stream": "markprice", "date": "2026-06-10", "hour": 15, "event": "compact_daily_missing_hour", "level": "warning", "logger": "collector.scripts.compact_daily", "timestamp": "2026-09-16T15:00:39.874183Z"}
{"stream": "markprice", "date": "2026-06-10", "hour": 16, "event": "compact_daily_missing_hour", "level": "warning", "logger": "collector.scripts.compact_daily", "timestamp": "2026-09-16T15:00:39.874351Z"}
{"stream": "markprice", "date": "2026-06-10", "hour": 17, "event": "compact_daily_missing_hour", "level": "warning", "logger": "collector.scripts.compact_daily", "timestamp": "2026-09-16T15:00:39.874554Z"}
{"stream": "markprice", "date": "2026-06-10", "hour": 18, "event": "compact_daily_missing_hour", "level": "warning", "logger": "collector.scripts.compact_daily", "timestamp": "2026-09-16T15:00:39.874728Z"}
{"stream": "markprice", "date": "2026-06-10", "hour": 19, "event": "compact_daily_missing_hour", "level": "warning", "logger": "collector.scripts.compact_daily", "timestamp": "2026-09-16T15:00:39.874916Z"}
{"stream": "markprice", "date": "2026-06-10", "hour": 20, "event": "compact_daily_missing_hour", "level": "warning", "logger": "collector.scripts.compact_daily", "timestamp": "2026-09-16T15:00:39.875083Z"}
{"stream": "markprice", "date": "2026-06-10", "hour": 21, "event": "compact_daily_missing_hour", "level": "warning", "logger": "collector.scripts.compact_daily", "timestamp": "2026-09-16T15:00:39.875248Z"}
{"stream": "markprice", "date": "2026-06-10", "hour": 22, "event": "compact_daily_missing_hour", "level": "warning", "logger": "collector.scripts.compact_daily", "timestamp": "2026-09-16T15:00:39.875434Z"}
{"stream": "markprice", "date": "2026-06-10", "hour": 23, "event": "compact_daily_missing_hour", "level": "warning", "logger": "collector.scripts.compact_daily", "timestamp": "2026-09-16T15:00:39.875611Z"}
{"stream": "markprice", "date": "2026-06-10", "rows": 1, "event": "compact_daily", "level": "info", "logger": "collector.scripts.compact_daily", "timestamp": "2026-09-16T15:00:39.880771Z"}
{"stream": "openinterest", "date": "2026-06-10", "hour": 1, "event": "compact_daily_missing_hour", "level": "warning", "logger": "collector.scripts.compact_daily", "timestamp": "2026-09-16T15:00:39.882800Z"}
{"stream": "openinterest", "date": "2026-06-10", "hour": 2, "event": "compact_daily_missing_hour", "level": "warning", "logger": "collector.scripts.compact_daily", "timestamp": "2026-09-16T15:00:39.883034Z"}
{"stream": "openinterest", "date": "2026-06-10", "hour": 3, "event": "compact_daily_missing_hour", "level": "warning", "logger": "collector.scripts.compact_daily", "timestamp": "2026-09-16T15:00:39.883227Z"}
{"stream": "openinterest", "date": "2026-06-10", "hour": 4, "event": "compact_daily_missing_hour", "level": "warning", "logger": "collector.scripts.compact_daily", "timestamp": "2026-09-16T15:00:39.883429Z"}
{"stream": "openinterest", "date": "2026-06-10", "hour": 5, "event": "compact_daily_missing_hour", "level": "warning", "logger": "collector.scripts.compact_daily", "timestamp": "2026-09-16T15:00:39.883618Z"}
{"stream": "openinterest", "date": "2026-06-10", "hour": 6, "event": "compact_daily_missing_hour", "level": "warning", "logger": "collector.scripts.compact_daily", "timestamp": "2026-09-16T15:00:39.883794Z"}
{"stream": "openinterest", "date": "2026-06-10", "hour": 7, "event": "compact_daily_missing_hour", "level": "warning", "logger": "collector.scripts.compact_daily", "timestamp": "2026-09-16T15:00:39.883968Z"}
{"stream": "openinterest", "date": "2026-06-10", "hour": 8, "event": "compact_daily_missing_hour", "level": "warning", "logger": "collector.scripts.compact_daily", "timestamp": "2026-09-16T15:00:39.884141Z"}
{"stream": "openinterest", "date": "2026-06-10", "hour": 9, "event": "compact_daily_missing_hour", "level": "warning", "logger": "collector.scripts.compact_daily", "timestamp": "2026-09-16T15:00:39.884312Z"}
{"stream": "openinterest", "date": "2026-06-10", "hour": 10, "event": "compact_daily_missing_hour", "level": "warning", "logger": "collector.scripts.compact_daily", "timestamp": "2026-09-16T15:00:39.884528Z"}
{"stream": "openinterest", "date": "2026-06-10", "hour": 11, "event": "compact_daily_missing_hour", "level": "warning", "logger": "collector.scripts.compact_daily", "timestamp": "2026-09-16T15:00:39.884708Z"}
{"stream": "openinterest", "date": "2026-06-10", "hour": 12, "event": "compact_daily_missing_hour", "level": "warning", "logger": "collector.scripts.compact_daily", "timestamp": "2026-09-16T15:00:39.884878Z"}
{"stream": "openinterest", "date": "2026-06-10", "hour": 13, "event": "compact_daily_missing_hour", "level": "warning", "logger": "collector.scripts.compact_daily", "timestamp": "2026-09-16T15:00:39.885052Z"}
{"stream": "openinterest", "date": "2026-06-10", "hour": 14, "event": "compact_daily_missing_hour", "level": "warning", "logger": "collector.scripts.compact_daily", "timestamp": "2026-09-16T15:00:39.885221Z"}
{"stream": "openinterest", "date": "2026-06-10", "hour": 15, "event": "compact_daily_missing_hour", "level": "warning", "logger": "collector.scripts.compact_daily", "timestamp": "2026-09-16T15:00:39.885420Z"}
{"stream": "openinterest", "date": "2026-06-10", "hour": 16, "event": "compact_daily_missing_hour", "level": "warning", "logger": "collector.scripts.compact_daily", "timestamp": "2026-09-16T15:00:39.885601Z"}
{"stream": "openinterest", "date": "2026-06-10", "hour": 17, "event": "compact_daily_missing_hour", "level": "warning", "logger": "collector.scripts.compact_daily", "timestamp": "2026-09-16T15:00:39.885773Z"}
{"stream": "openinterest", "date": "2026-06-10", "hour": 18, "event": "compact_daily_missing_hour", "level": "warning", "logger": "collector.scripts.compact_daily", "timestamp": "2026-09-16T15:00:39.885942Z"}
{"stream": "openinterest", "date": "2026-06-10", "hour": 19, "event": "compact_daily_missing_hour", "level": "warning", "logger": "collector.scripts.compact_daily", "timestamp": "2026-09-16T15:00:39.886111Z"}
{"stream": "openinterest", "date": "2026-06-10", "hour": 20, "event": "compact_daily_missing_hour", "level": "warning", "logger": "collector.scripts.compact_daily", "timestamp": "2026-09-16T15:00:39.886280Z"}
{"stream": "openinterest", "date": "2026-06-10", "hour": 21, "event": "compact_daily_missing_hour", "level": "warning", "logger": "collector.scripts.compact_daily", "timestamp": "2026-09-16T15:00:39.886480Z"}
{"stream": "openinterest", "date": "2026-06-10", "hour": 22, "event": "compact_daily_missing_hour", "level": "warning", "logger": "collector.scripts.compact_daily", "timestamp": "2026-09-16T15:00:39.886663Z"}
{"stream": "openinterest", "date": "2026-06-10", "hour": 23, "event": "compact_daily_missing_hour", "level": "warning", "logger": "collector.scripts.compact_daily", "timestamp": "2026-09-16T15:00:39.886835Z"}
{"stream": "openinterest", "date": "2026-06-10", "rows": 1, "event": "compact_daily", "level": "info", "logger": "collector.scripts.compact_daily", "timestamp": "2026-09-16T15:00:39.890471Z"}
{"stream": "liquidation", "date": "2026-06-10", "hour": 1, "event": "compact_daily_missing_hour", "level": "warning", "logger": "collector.scripts.compact_daily", "timestamp": "2026-09-16T15:00:39.892492Z"}
{"stream": "liquidation", "date": "2026-06-10", "hour": 2, "event": "compact_daily_missing_hour", "level": "warning", "logger": "collector.scripts.compact_daily", "timestamp": "2026-09-16T15:00:39.892715Z"}
{"stream": "liquidation", "date": "2026-06-10", "hour": 3, "event": "compact_daily_missing_hour", "level": "warning", "logger": "collector.scripts.compact_daily", "timestamp": "2026-09-16T15:00:39.892904Z"}
{"stream": "liquidation", "date": "2026-06-10", "hour": 4, "event": "compact_daily_missing_hour", "level": "warning", "logger": "collector.scripts.compact_daily", "timestamp": "2026-09-16T15:00:39.893080Z"}
{"stream": "liquidation", "date": "2026-06-10", "hour": 5, "event": "compact_daily_missing_hour", "level": "warning", "logger": "collector.scripts.compact_daily", "timestamp": "2026-09-16T15:00:39.893262Z"}
{"stream": "liquidation", "date": "2026-06-10", "hour": 6, "event": "compact_daily_missing_hour", "level": "warning", "logger": "collector.scripts.compact_daily", "timestamp": "2026-09-16T15:00:39.893482Z"}
{"stream": "liquidation", "date": "2026-06-10", "hour": 7, "event": "compact_daily_missing_hour", "level": "warning", "logger": "collector.scripts.compact_daily", "timestamp": "2026-09-16T15:00:39.893685Z"}
{"stream": "liquidation", "date": "2026-06-10", "hour": 8, "event": "compact_daily_missing_hour", "level": "warning", "logger": "collector.scripts.compact_daily", "timestamp": "2026-09-16T15:00:39.893867Z"}
{"stream": "liquidation", "date": "2026-06-10", "hour": 9, "event": "compact_daily_missing_hour", "level": "warning", "logger": "collector.scripts.compact_daily", "timestamp": "2026-09-16T15:00:39.894041Z"}
{"stream": "liquidation", "date": "2026-06-10", "hour": 10, "event": "compact_daily_missing_hour", "level": "warning", "logger": "collector.scripts.compact_daily", "timestamp": "2026-09-16T15:00:39.894209Z"}
{"stream": "liquidation", "date": "2026-06-10", "hour": 11, "event": "compact_daily_missing_hour", "level": "warning", "logger": "collector.scripts.compact_daily", "timestamp": "2026-09-16T15:00:39.894384Z"}
{"stream": "liquidation", "date": "2026-06-10", "hour": 12, "event": "compact_daily_missing_hour", "level": "warning", "logger": "collector.scripts.compact_daily", "timestamp": "2026-09-16T15:00:39.894585Z"}
{"stream": "liquidation", "date": "2026-06-10", "hour": 13, "event": "compact_daily_missing_hour", "level": "warning", "logger": "collector.scripts.compact_daily", "timestamp": "2026-09-16T15:00:39.894756Z"}
{"stream": "liquidation", "date": "2026-06-10", "hour": 14, "event": "compact_daily_missing_hour", "level": "warning", "logger": "collector.scripts.compact_daily", "timestamp": "2026-09-16T15:00:39.894928Z"}
{"stream": "liquidation", "date": "2026-06-10", "hour": 15, "event": "compact_daily_missing_hour", "level": "warning", "logger": "collector.scripts.compact_daily", "timestamp": "2026-09-16T15:00:39.895097Z"}
{"stream": "liquidation", "date": "2026-06-10", "hour": 16, "event": "compact_daily_missing_hour", "level": "warning", "logger": "collector.scripts.compact_daily", "timestamp": "2026-09-16T15:00:39.895265Z"}
{"stream": "liquidation", "date": "2026-06-10", "hour": 17, "event": "compact_daily_missing_hour", "level": "warning", "logger": "collector.scripts.compact_daily", "timestamp": "2026-09-16T15:00:39.895532Z"}
{"stream": "liquidation", "date": "2026-06-10", "hour": 18, "event": "compact_daily_missing_hour", "level": "warning", "logger": "collector.scripts.compact_daily", "timestamp": "2026-09-16T15:00:39.895723Z"}
{"stream": "liquidation", "date": "2026-06-10", "hour": 19, "event": "compact_daily_missing_hour", "level": "warning", "logger": "collector.scripts.compact_daily", "timestamp": "2026-09-16T15:00:39.895904Z"}
{"stream": "liquidation", "date": "2026-06-10", "hour": 20, "event": "compact_daily_missing_hour", "level": "warning", "logger": "collector.scripts.compact_daily", "timestamp": "2026-09-16T15:00:39.896075Z"}
{"stream": "liquidation", "date": "2026-06-10", "hour": 21, "event": "compact_daily_missing_hour", "level": "warning", "logger": "collector.scripts.compact_daily", "timestamp": "2026-09-16T15:00:39.896242Z"}
{"stream": "liquidation", "date": "2026-06-10", "hour": 22, "event": "compact_daily_missing_hour", "level": "warning", "logger": "collector.scripts.compact_daily", "timestamp": "2026-09-16T15:00:39.896433Z"}
{"stream": "liquidation", "date": "2026-06-10", "hour": 23, "event": "compact_daily_missing_hour", "level": "warning", "logger": "collector.scripts.compact_daily", "timestamp": "2026-09-16T15:00:39.896608Z"}
{"date": "2026-06-10", "coverage_hours": 0.0, "event": "compact_daily_low_liquidation_coverage", "level": "warning", "logger": "collector.scripts.compact_daily", "timestamp": "2026-09-16T15:00:39.900285Z"}
{"stream": "liquidation", "date": "2026-06-10", "rows": 1, "event": "compact_daily", "level": "info", "logger": "collector.scripts.compact_daily", "timestamp": "2026-09-16T15:00:39.901297Z"}
{"stream": "trades", "date": "2026-06-10", "hour": 1, "event": "compact_daily_missing_hour", "level": "warning", "logger": "collector.scripts.compact_daily", "timestamp": "2026-09-16T15:00:39.904966Z"}
{"stream": "trades", "date": "2026-06-10", "hour": 2, "event": "compact_daily_missing_hour", "level": "warning", "logger": "collector.scripts.compact_daily", "timestamp": "2026-09-16T15:00:39.905195Z"}
{"stream": "trades", "date": "2026-06-10", "hour": 3, "event": "compact_daily_missing_hour", "level": "warning", "logger": "collector.scripts.compact_daily", "timestamp": "2026-09-16T15:00:39.905386Z"}
{"stream": "trades", "date": "2026-06-10", "hour": 4, "event": "compact_daily_missing_hour", "level": "warning", "logger": "collector.scripts.compact_daily", "timestamp": "2026-09-16T15:00:39.905603Z"}
{"stream": "trades", "date": "2026-06-10", "hour": 5, "event": "compact_daily_missing_hour", "level": "warning", "logger": "collector.scripts.compact_daily", "timestamp": "2026-09-16T15:00:39.905793Z"}
{"stream": "trades", "date": "2026-06-10", "hour": 6, "event": "compact_daily_missing_hour", "level": "warning", "logger": "collector.scripts.compact_daily", "timestamp": "2026-09-16T15:00:39.905980Z"}
{"stream": "trades", "date": "2026-06-10", "hour": 7, "event": "compact_daily_missing_hour", "level": "warning", "logger": "collector.scripts.compact_daily", "timestamp": "2026-09-16T15:00:39.906155Z"}
{"stream": "trades", "date": "2026-06-10", "hour": 8, "event": "compact_daily_missing_hour", "level": "warning", "logger": "collector.scripts.compact_daily", "timestamp": "2026-09-16T15:00:39.906324Z"}
{"stream": "trades", "date": "2026-06-10", "hour": 9, "event": "compact_daily_missing_hour", "level": "warning", "logger": "collector.scripts.compact_daily", "timestamp": "2026-09-16T15:00:39.906547Z"}
{"stream": "trades", "date": "2026-06-10", "hour": 10, "event": "compact_daily_missing_hour", "level": "warning", "logger": "collector.scripts.compact_daily", "timestamp": "2026-09-16T15:00:39.906729Z"}
{"stream": "trades", "date": "2026-06-10", "hour": 11, "event": "compact_daily_missing_hour", "level": "warning", "logger": "collector.scripts.compact_daily", "timestamp": "2026-09-16T15:00:39.906904Z"}
{"stream": "trades", "date": "2026-06-10", "hour": 12, "event": "compact_daily_missing_hour", "level": "warning", "logger": "collector.scripts.compact_daily", "timestamp": "2026-09-16T15:00:39.907077Z"}
{"stream": "trades", "date": "2026-06-10", "hour": 13, "event": "compact_daily_missing_hour", "level": "warning", "logger": "collector.scripts.compact_daily", "timestamp": "2026-09-16T15:00:39.907244Z"}
{"stream": "trades", "date": "2026-06-10", "hour": 14, "event": "compact_daily_missing_hour", "level": "warning", "logger": "collector.scripts.compact_daily", "timestamp": "2026-09-16T15:00:39.907435Z"}
{"stream": "trades", "date": "2026-06-10", "hour": 15, "event": "compact_daily_missing_hour", "level": "warning", "logger": "collector.scripts.compact_daily", "timestamp": "2026-09-16T15:00:39.907614Z"}
{"stream": "trades", "date": "2026-06-10", "hour": 16, "event": "compact_daily_missing_hour", "level": "warning", "logger": "collector.scripts.compact_daily", "timestamp": "2026-09-16T15:00:39.907785Z"}
{"stream": "trades", "date": "2026-06-10", "hour": 17, "event": "compact_daily_missing_hour", "level": "warning", "logger": "collector.scripts.compact_daily", "timestamp": "2026-09-16T15:00:39.907954Z"}
{"stream": "trades", "date": "2026-06-10", "hour": 18, "event": "compact_daily_missing_hour", "level": "warning", "logger": "collector.scripts.compact_daily", "timestamp": "2026-09-16T15:00:39.908124Z"}
{"stream": "trades", "date": "2026-06-10", "hour": 19, "event": "compact_daily_missing_hour", "level": "warning", "logger": "collector.scripts.compact_daily", "timestamp": "2026-09-16T15:00:39.908292Z"}
{"stream": "trades", "date": "2026-06-10", "hour": 20, "event": "compact_daily_missing_hour", "level": "warning", "logger": "collector.scripts.compact_daily", "timestamp": "2026-09-16T15:00:39.908484Z"}
{"stream": "trades", "date": "2026-06-10", "hour": 21, "event": "compact_daily_missing_hour", "level": "warning", "logger": "collector.scripts.compact_daily", "timestamp": "2026-09-16T15:00:39.908659Z"}
{"stream": "trades", "date": "2026-06-10", "hour": 22, "event": "compact_daily_missing_hour", "level": "warning", "logger": "collector.scripts.compact_daily", "timestamp": "2026-09-16T15:00:39.908836Z"}
{"stream": "trades", "date": "2026-06-10", "hour": 23, "event": "compact_daily_missing_hour", "level": "warning", "logger": "collector.scripts.compact_daily", "timestamp": "2026-09-16T15:00:39.909008Z"}
{"stream": "trades", "date": "2026-06-10", "rows": 1, "event": "compact_daily", "level": "info", "logger": "collector.scripts.compact_daily", "timestamp": "2026-09-16T15:00:39.911812Z"}
{"stream": "markprice", "date": "2026-06-10", "hour": 1, "message": "Stale .tmp found alongside .parquet for historical hour; ignoring .tmp and compacting.", "event": "compact_daily_stale_tmp_ignored", "level": "warning", "logger": "collector.scripts.compact_daily", "timestamp": "2026-09-16T15:00:39.915060Z"}
{"stream": "markprice", "date": "2026-06-10", "hour": 2, "event": "compact_daily_missing_hour", "level": "warning", "logger": "collector.scripts.compact_daily", "timestamp": "2026-09-16T15:00:39.915316Z"}
{"stream": "markprice", "date": "2026-06-10", "hour": 3, "event": "compact_daily_missing_hour", "level": "warning", "logger": "collector.scripts.compact_daily", "timestamp": "2026-09-16T15:00:39.915554Z"}
{"stream": "markprice", "date": "2026-06-10", "hour": 4, "event": "compact_daily_missing_hour", "level": "warning", "logger": "collector.scripts.compact_daily", "timestamp": "2026-09-16T15:00:39.915759Z"}
{"stream": "markprice", "date": "2026-06-10", "hour": 5, "event": "compact_daily_missing_hour", "level": "warning", "logger": "collector.scripts.compact_daily", "timestamp": "2026-09-16T15:00:39.915955Z"}
{"stream": "markprice", "date": "2026-06-10", "hour": 6, "event": "compact_daily_missing_hour", "level": "warning", "logger": "collector.scripts.compact_daily", "timestamp": "2026-09-16T15:00:39.916151Z"}
{"stream": "markprice", "date": "2026-06-10", "hour": 7, "event": "compact_daily_missing_hour", "level": "warning", "logger": "collector.scripts.compact_daily", "timestamp": "2026-09-16T15:00:39.916342Z"}
{"stream": "markprice", "date": "2026-06-10", "hour": 8, "event": "compact_daily_missing_hour", "level": "warning", "logger": "collector.scripts.compact_daily", "timestamp": "2026-09-16T15:00:39.916565Z"}
{"stream": "markprice", "date": "2026-06-10", "hour": 9, "event": "compact_daily_missing_hour", "level": "warning", "logger": "collector.scripts.compact_daily", "timestamp": "2026-09-16T15:00:39.916764Z"}
{"stream": "markprice", "date": "2026-06-10", "hour": 10, "event": "compact_daily_missing_hour", "level": "warning", "logger": "collector.scripts.compact_daily", "timestamp": "2026-09-16T15:00:39.916965Z"}
{"stream": "markprice", "date": "2026-06-10", "hour": 11, "event": "compact_daily_missing_hour", "level": "warning", "logger": "collector.scripts.compact_daily", "timestamp": "2026-09-16T15:00:39.917157Z"}
{"stream": "markprice", "date": "2026-06-10", "hour": 12, "event": "compact_daily_missing_hour", "level": "warning", "logger": "collector.scripts.compact_daily", "timestamp": "2026-09-16T15:00:39.917345Z"}
{"stream": "markprice", "date": "2026-06-10", "hour": 13, "event": "compact_daily_missing_hour", "level": "warning", "logger": "collector.scripts.compact_daily", "timestamp": "2026-09-16T15:00:39.917557Z"}
{"stream": "markprice", "date": "2026-06-10", "hour": 14, "event": "compact_daily_missing_hour", "level": "warning", "logger": "collector.scripts.compact_daily", "timestamp": "2026-09-16T15:00:39.917752Z"}
{"stream": "markprice", "date": "2026-06-10", "hour": 15, "event": "compact_daily_missing_hour", "level": "warning", "logger": "collector.scripts.compact_daily", "timestamp": "2026-09-16T15:00:39.917939Z"}
{"stream": "markprice", "date": "2026-06-10", "hour": 16, "event": "compact_daily_missing_hour", "level": "warning", "logger": "collector.scripts.compact_daily", "timestamp": "2026-09-16T15:00:39.918126Z"}
{"stream": "markprice", "date": "2026-06-10", "hour": 17, "event": "compact_daily_missing_hour", "level": "warning", "logger": "collector.scripts.compact_daily", "timestamp": "2026-09-16T15:00:39.918312Z"}
{"stream": "markprice", "date": "2026-06-10", "hour": 18, "event": "compact_daily_missing_hour", "level": "warning", "logger": "collector.scripts.compact_daily", "timestamp": "2026-09-16T15:00:39.918533Z"}
{"stream": "markprice", "date": "2026-06-10", "hour": 19, "event": "compact_daily_missing_hour", "level": "warning", "logger": "collector.scripts.compact_daily", "timestamp": "2026-09-16T15:00:39.918730Z"}
{"stream": "markprice", "date": "2026-06-10", "hour": 20, "event": "compact_daily_missing_hour", "level": "warning", "logger": "collector.scripts.compact_daily", "timestamp": "2026-09-16T15:00:39.918932Z"}
{"stream": "markprice", "date": "2026-06-10", "hour": 21, "event": "compact_daily_missing_hour", "level": "warning", "logger": "collector.scripts.compact_daily", "timestamp": "2026-09-16T15:00:39.919141Z"}
{"stream": "markprice", "date": "2026-06-10", "hour": 22, "event": "compact_daily_missing_hour", "level": "warning", "logger": "collector.scripts.compact_daily", "timestamp": "2026-09-16T15:00:39.919328Z"}
{"stream": "markprice", "date": "2026-06-10", "hour": 23, "event": "compact_daily_missing_hour", "level": "warning", "logger": "collector.scripts.compact_daily", "timestamp": "2026-09-16T15:00:39.919544Z"}
{"stream": "markprice", "date": "2026-06-10", "rows": 2, "event": "compact_daily", "level": "info", "logger": "collector.scripts.compact_daily", "timestamp": "2026-09-16T15:00:39.927069Z"}
{"stream": "openinterest", "date": "2026-06-10", "path": "/tmp/pytest-of-runner/pytest-0/test_stale_tmp_cleanup_on_forc0/daily/openinterest/2026-06-10_openinterest.parquet.tmp", "event": "compact_daily_cleanup_tmp", "level": "info", "logger": "collector.scripts.compact_daily", "timestamp": "2026-09-16T15:00:39.929836Z"}
{"stream": "openinterest", "date": "2026-06-10", "path": "/tmp/pytest-of-runner/pytest-0/test_stale_tmp_cleanup_on_forc0/daily/openinterest/2026-06-10_openinterest.meta.json.tmp", "event": "compact_daily_cleanup_tmp", "level": "info", "logger": "collector.scripts.compact_daily", "timestamp": "2026-09-16T15:00:39.930030Z"}
{"stream": "openinterest", "date": "2026-06-10", "path": "/tmp/pytest-of-runner/pytest-0/test_stale_tmp_cleanup_on_forc0/raw/openinterest/2026-06-10-00.parquet.tmp", "event": "compact_daily_cleanup_tmp", "level": "info", "logger": "collector.scripts.compact_daily", "timestamp": "2026-09-16T15:00:39.930254Z"}
{"stream": "openinterest", "date": "2026-06-10", "hour": 1, "event": "compact_daily_missing_hour", "level": "warning", "logger": "collector.scripts.compact_daily", "timestamp": "2026-09-16T15:00:39.930612Z"}
{"stream": "openinterest", "date": "2026-06-10", "hour": 2, "event": "compact_daily_missing_hour", "level": "warning", "logger": "collector.scripts.compact_daily", "timestamp": "2026-09-16T15:00:39.930810Z"}
{"stream": "openinterest", "date": "2026-06-10", "hour": 3, "event": "compact_daily_missing_hour", "level": "warning", "logger": "collector.scripts.compact_daily", "timestamp": "2026-09-16T15:00:39.931006Z"}
{"stream": "openinterest", "date": "2026-06-10", "hour": 4, "event": "compact_daily_missing_hour", "level": "warning", "logger": "collector.scripts.compact_daily", "timestamp": "2026-09-16T15:00:39.931184Z"}
{"stream": "openinterest", "date": "2026-06-10", "hour": 5, "event": "compact_daily_missing_hour", "level": "warning", "logger": "collector.scripts.compact_daily", "timestamp": "2026-09-16T15:00:39.931361Z"}
{"stream": "openinterest", "date": "2026-06-10", "hour": 6, "event": "compact_daily_missing_hour", "level": "warning", "logger": "collector.scripts.compact_daily", "timestamp": "2026-09-16T15:00:39.931569Z"}
{"stream": "openinterest", "date": "2026-06-10", "hour": 7, "event": "compact_daily_missing_hour", "level": "warning", "logger": "collector.scripts.compact_daily", "timestamp": "2026-09-16T15:00:39.931741Z"}
{"stream": "openinterest", "date": "2026-06-10", "hour": 8, "event": "compact_daily_missing_hour", "level": "warning", "logger": "collector.scripts.compact_daily", "timestamp": "2026-09-16T15:00:39.931916Z"}
{"stream": "openinterest", "date": "2026-06-10", "hour": 9, "event": "compact_daily_missing_hour", "level": "warning", "logger": "collector.scripts.compact_daily", "timestamp": "2026-09-16T15:00:39.932088Z"}
{"stream": "openinterest", "date": "2026-06-10", "hour": 10, "event": "compact_daily_missing_hour", "level": "warning", "logger": "collector.scripts.compact_daily", "timestamp": "2026-09-16T15:00:39.932257Z"}
{"stream": "openinterest", "date": "2026-06-10", "hour": 11, "event": "compact_daily_missing_hour", "level": "warning", "logger": "collector.scripts.compact_daily", "timestamp": "2026-09-16T15:00:39.932461Z"}
{"stream": "openinterest", "date": "2026-06-10", "hour": 12, "event": "compact_daily_missing_hour", "level": "warning", "logger": "collector.scripts.compact_daily", "timestamp": "2026-09-16T15:00:39.932649Z"}
{"stream": "openinterest", "date": "2026-06-10", "hour": 13, "event": "compact_daily_missing_hour", "level": "warning", "logger": "collector.scripts.compact_daily", "timestamp": "2026-09-16T15:00:39.932832Z"}
{"stream": "openinterest", "date": "2026-06-10", "hour": 14, "event": "compact_daily_missing_hour", "level": "warning", "logger": "collector.scripts.compact_daily", "timestamp": "2026-09-16T15:00:39.933000Z"}
{"stream": "openinterest", "date": "2026-06-10", "hour": 15, "event": "compact_daily_missing_hour", "level": "warning", "logger": "collector.scripts.compact_daily", "timestamp": "2026-09-16T15:00:39.933171Z"}
{"stream": "openinterest", "date": "2026-06-10", "hour": 16, "event": "compact_daily_missing_hour", "level": "warning", "logger": "collector.scripts.compact_daily", "timestamp": "2026-09-16T15:00:39.933338Z"}
{"stream": "openinterest", "date": "2026-06-10", "hour": 17, "event": "compact_daily_missing_hour", "level": "warning", "logger": "collector.scripts.compact_daily", "timestamp": "2026-09-16T15:00:39.933560Z"}
{"stream": "openinterest", "date": "2026-06-10", "hour": 18, "event": "compact_daily_missing_hour", "level": "warning", "logger": "collector.scripts.compact_daily", "timestamp": "2026-09-16T15:00:39.933741Z"}
{"stream": "openinterest", "date": "2026-06-10", "hour": 19, "event": "compact_daily_missing_hour", "level": "warning", "logger": "collector.scripts.compact_daily", "timestamp": "2026-09-16T15:00:39.933925Z"}
{"stream": "openinterest", "date": "2026-06-10", "hour": 20, "event": "compact_daily_missing_hour", "level": "warning", "logger": "collector.scripts.compact_daily", "timestamp": "2026-09-16T15:00:39.934102Z"}
{"stream": "openinterest", "date": "2026-06-10", "hour": 21, "event": "compact_daily_missing_hour", "level": "warning", "logger": "collector.scripts.compact_daily", "timestamp": "2026-09-16T15:00:39.934278Z"}
{"stream": "openinterest", "date": "2026-06-10", "hour": 22, "event": "compact_daily_missing_hour", "level": "warning", "logger": "collector.scripts.compact_daily", "timestamp": "2026-09-16T15:00:39.934473Z"}
{"stream": "openinterest", "date": "2026-06-10", "hour": 23, "event": "compact_daily_missing_hour", "level": "warning", "logger": "collector.scripts.compact_daily", "timestamp": "2026-09-16T15:00:39.934654Z"}
{"stream": "openinterest", "date": "2026-06-10", "rows": 1, "event": "compact_daily", "level": "info", "logger": "collector.scripts.compact_daily", "timestamp": "2026-09-16T15:00:39.939296Z"}
{"stream": "orderbook", "date": "2026-06-10", "hour": 1, "event": "compact_daily_missing_hour", "level": "warning", "logger": "collector.scripts.compact_daily", "timestamp": "2026-09-16T15:00:39.941656Z"}
{"stream": "orderbook", "date": "2026-06-10", "hour": 2, "event": "compact_daily_missing_hour", "level": "warning", "logger": "collector.scripts.compact_daily", "timestamp": "2026-09-16T15:00:39.941887Z"}
{"stream": "orderbook", "date": "2026-06-10", "hour": 3, "event": "compact_daily_missing_hour", "level": "warning", "logger": "collector.scripts.compact_daily", "timestamp": "2026-09-16T15:00:39.942083Z"}
{"stream": "orderbook", "date": "2026-06-10", "hour": 4, "event": "compact_daily_missing_hour", "level": "warning", "logger": "collector.scripts.compact_daily", "timestamp": "2026-09-16T15:00:39.942264Z"}
{"stream": "orderbook", "date": "2026-06-10", "hour": 5, "event": "compact_daily_missing_hour", "level": "warning", "logger": "collector.scripts.compact_daily", "timestamp": "2026-09-16T15:00:39.942466Z"}
{"stream": "orderbook", "date": "2026-06-10", "hour": 6, "event": "compact_daily_missing_hour", "level": "warning", "logger": "collector.scripts.compact_daily", "timestamp": "2026-09-16T15:00:39.942651Z"}
{"stream": "orderbook", "date": "2026-06-10", "hour": 7, "event": "compact_daily_missing_hour", "level": "warning", "logger": "collector.scripts.compact_daily", "timestamp": "2026-09-16T15:00:39.942827Z"}
{"stream": "orderbook", "date": "2026-06-10", "hour": 8, "event": "compact_daily_missing_hour", "level": "warning", "logger": "collector.scripts.compact_daily", "timestamp": "2026-09-16T15:00:39.943007Z"}
{"stream": "orderbook", "date": "2026-06-10", "hour": 9, "event": "compact_daily_missing_hour", "level": "warning", "logger": "collector.scripts.compact_daily", "timestamp": "2026-09-16T15:00:39.943180Z"}
{"stream": "orderbook", "date": "2026-06-10", "hour": 10, "event": "compact_daily_missing_hour", "level": "warning", "logger": "collector.scripts.compact_daily", "timestamp": "2026-09-16T15:00:39.943351Z"}
{"stream": "orderbook", "date": "2026-06-10", "hour": 11, "event": "compact_daily_missing_hour", "level": "warning", "logger": "collector.scripts.compact_daily", "timestamp": "2026-09-16T15:00:39.943560Z"}
{"stream": "orderbook", "date": "2026-06-10", "hour": 12, "event": "compact_daily_missing_hour", "level": "warning", "logger": "collector.scripts.compact_daily", "timestamp": "2026-09-16T15:00:39.943733Z"}
{"stream": "orderbook", "date": "2026-06-10", "hour": 13, "event": "compact_daily_missing_hour", "level": "warning", "logger": "collector.scripts.compact_daily", "timestamp": "2026-09-16T15:00:39.943903Z"}
{"stream": "orderbook", "date": "2026-06-10", "hour": 14, "event": "compact_daily_missing_hour", "level": "warning", "logger": "collector.scripts.compact_daily", "timestamp": "2026-09-16T15:00:39.944073Z"}
{"stream": "orderbook", "date": "2026-06-10", "hour": 15, "event": "compact_daily_missing_hour", "level": "warning", "logger": "collector.scripts.compact_daily", "timestamp": "2026-09-16T15:00:39.944247Z"}
{"stream": "orderbook", "date": "2026-06-10", "hour": 16, "event": "compact_daily_missing_hour", "level": "warning", "logger": "collector.scripts.compact_daily", "timestamp": "2026-09-16T15:00:39.944475Z"}
{"stream": "orderbook", "date": "2026-06-10", "hour": 17, "event": "compact_daily_missing_hour", "level": "warning", "logger": "collector.scripts.compact_daily", "timestamp": "2026-09-16T15:00:39.944668Z"}
{"stream": "orderbook", "date": "2026-06-10", "hour": 18, "event": "compact_daily_missing_hour", "level": "warning", "logger": "collector.scripts.compact_daily", "timestamp": "2026-09-16T15:00:39.944843Z"}
{"stream": "orderbook", "date": "2026-06-10", "hour": 19, "event": "compact_daily_missing_hour", "level": "warning", "logger": "collector.scripts.compact_daily", "timestamp": "2026-09-16T15:00:39.945012Z"}
{"stream": "orderbook", "date": "2026-06-10", "hour": 20, "event": "compact_daily_missing_hour", "level": "warning", "logger": "collector.scripts.compact_daily", "timestamp": "2026-09-16T15:00:39.945180Z"}
{"stream": "orderbook", "date": "2026-06-10", "hour": 21, "event": "compact_daily_missing_hour", "level": "warning", "logger": "collector.scripts.compact_daily", "timestamp": "2026-09-16T15:00:39.945354Z"}
{"stream": "orderbook", "date": "2026-06-10", "hour": 22, "event": "compact_daily_missing_hour", "level": "warning", "logger": "collector.scripts.compact_daily", "timestamp": "2026-09-16T15:00:39.945554Z"}
{"stream": "orderbook", "date": "2026-06-10", "hour": 23, "event": "compact_daily_missing_hour", "level": "warning", "logger": "collector.scripts.compact_daily", "timestamp": "2026-09-16T15:00:39.945724Z"}
{"stream": "trades", "date": "2026-06-10", "hour": 1, "event": "compact_daily_missing_hour", "level": "warning", "logger": "collector.scripts.compact_daily", "timestamp": "2026-09-16T15:00:39.948851Z"}
{"stream": "trades", "date": "2026-06-10", "hour": 2, "event": "compact_daily_missing_hour", "level": "warning", "logger": "collector.scripts.compact_daily", "timestamp": "2026-09-16T15:00:39.949072Z"}
{"stream": "trades", "date": "2026-06-10", "hour": 3, "event": "compact_daily_missing_hour", "level": "warning", "logger": "collector.scripts.compact_daily", "timestamp": "2026-09-16T15:00:39.949259Z"}
{"stream": "trades", "date": "2026-06-10", "hour": 4, "event": "compact_daily_missing_hour", "level": "warning", "logger": "collector.scripts.compact_daily", "timestamp": "2026-09-16T15:00:39.949466Z"}
{"stream": "trades", "date": "2026-06-10", "hour": 5, "event": "compact_daily_missing_hour", "level": "warning", "logger": "collector.scripts.compact_daily", "timestamp": "2026-09-16T15:00:39.949661Z"}
{"stream": "trades", "date": "2026-06-10", "hour": 6, "event": "compact_daily_missing_hour", "level": "warning", "logger": "collector.scripts.compact_daily", "timestamp": "2026-09-16T15:00:39.949835Z"}
{"stream": "trades", "date": "2026-06-10", "hour": 7, "event": "compact_daily_missing_hour", "level": "warning", "logger": "collector.scripts.compact_daily", "timestamp": "2026-09-16T15:00:39.950015Z"}
{"stream": "trades", "date": "2026-06-10", "hour": 8, "event": "compact_daily_missing_hour", "level": "warning", "logger": "collector.scripts.compact_daily", "timestamp": "2026-09-16T15:00:39.950184Z"}
{"stream": "trades", "date": "2026-06-10", "hour": 9, "event": "compact_daily_missing_hour", "level": "warning", "logger": "collector.scripts.compact_daily", "timestamp": "2026-09-16T15:00:39.950353Z"}
{"stream": "trades", "date": "2026-06-10", "hour": 10, "event": "compact_daily_missing_hour", "level": "warning", "logger": "collector.scripts.compact_daily", "timestamp": "2026-09-16T15:00:39.950552Z"}
{"stream": "trades", "date": "2026-06-10", "hour": 11, "event": "compact_daily_missing_hour", "level": "warning", "logger": "collector.scripts.compact_daily", "timestamp": "2026-09-16T15:00:39.950723Z"}
{"stream": "trades", "date": "2026-06-10", "hour": 12, "event": "compact_daily_missing_hour", "level": "warning", "logger": "collector.scripts.compact_daily", "timestamp": "2026-09-16T15:00:39.950891Z"}
{"stream": "trades", "date": "2026-06-10", "hour": 13, "event": "compact_daily_missing_hour", "level": "warning", "logger": "collector.scripts.compact_daily", "timestamp": "2026-09-16T15:00:39.951060Z"}
{"stream": "trades", "date": "2026-06-10", "hour": 14, "event": "compact_daily_missing_hour", "level": "warning", "logger": "collector.scripts.compact_daily", "timestamp": "2026-09-16T15:00:39.951227Z"}
{"stream": "trades", "date": "2026-06-10", "hour": 15, "event": "compact_daily_missing_hour", "level": "warning", "logger": "collector.scripts.compact_daily", "timestamp": "2026-09-16T15:00:39.951389Z"}
{"stream": "trades", "date": "2026-06-10", "hour": 16, "event": "compact_daily_missing_hour", "level": "warning", "logger": "collector.scripts.compact_daily", "timestamp": "2026-09-16T15:00:39.951587Z"}
{"stream": "trades", "date": "2026-06-10", "hour": 17, "event": "compact_daily_missing_hour", "level": "warning", "logger": "collector.scripts.compact_daily", "timestamp": "2026-09-16T15:00:39.951754Z"}
{"stream": "trades", "date": "2026-06-10", "hour": 18, "event": "compact_daily_missing_hour", "level": "warning", "logger": "collector.scripts.compact_daily", "timestamp": "2026-09-16T15:00:39.951920Z"}
{"stream": "trades", "date": "2026-06-10", "hour": 19, "event": "compact_daily_missing_hour", "level": "warning", "logger": "collector.scripts.compact_daily", "timestamp": "2026-09-16T15:00:39.952085Z"}
{"stream": "trades", "date": "2026-06-10", "hour": 20, "event": "compact_daily_missing_hour", "level": "warning", "logger": "collector.scripts.compact_daily", "timestamp": "2026-09-16T15:00:39.952252Z"}
{"stream": "trades", "date": "2026-06-10", "hour": 21, "event": "compact_daily_missing_hour", "level": "warning", "logger": "collector.scripts.compact_daily", "timestamp": "2026-09-16T15:00:39.952467Z"}
{"stream": "trades", "date": "2026-06-10", "hour": 22, "event": "compact_daily_missing_hour", "level": "warning", "logger": "collector.scripts.compact_daily", "timestamp": "2026-09-16T15:00:39.952663Z"}
{"stream": "trades", "date": "2026-06-10", "hour": 23, "event": "compact_daily_missing_hour", "level": "warning", "logger": "collector.scripts.compact_daily", "timestamp": "2026-09-16T15:00:39.952838Z"}
{"stream": "trades", "date": "2026-06-10", "error": "Error creating dataset. Could not read schema from '/tmp/pytest-of-runner/pytest-0/test_corrupt_parquet_rejection0/raw/trades/2026-06-10-00.parquet'. Is this a 'parquet' file?: Could not open Parquet input source '/tmp/pytest-of-runner/pytest-0/test_corrupt_parquet_rejection0/raw/trades/2026-06-10-00.parquet': Parquet magic bytes not found in footer. Either the file is corrupted or this is not a parquet file.", "event": "compact_daily_failed", "level": "error", "logger": "collector.scripts.compact_daily", "timestamp": "2026-09-16T15:00:39.953127Z"}
{"stream": "trades", "date": "2026-09-16", "hour": 1, "event": "compact_daily_missing_hour", "level": "warning", "logger": "collector.scripts.compact_daily", "timestamp": "2026-09-16T15:00:39.956733Z"}
{"stream": "trades", "date": "2026-09-16", "hour": 2, "event": "compact_daily_missing_hour", "level": "warning", "logger": "collector.scripts.compact_daily", "timestamp": "2026-09-16T15:00:39.957152Z"}
{"stream": "trades", "date": "2026-09-16", "hour": 3, "event": "compact_daily_missing_hour", "level": "warning", "logger": "collector.scripts.compact_daily", "timestamp": "2026-09-16T15:00:39.957572Z"}
{"stream": "trades", "date": "2026-09-16", "hour": 4, "event": "compact_daily_missing_hour", "level": "warning", "logger": "collector.scripts.compact_daily", "timestamp": "2026-09-16T15:00:39.957956Z"}
{"stream": "trades", "date": "2026-09-16", "hour": 5, "event": "compact_daily_missing_hour", "level": "warning", "logger": "collector.scripts.compact_daily", "timestamp": "2026-09-16T15:00:39.958322Z"}
{"stream": "trades", "date": "2026-09-16", "hour": 6, "event": "compact_daily_missing_hour", "level": "warning", "logger": "collector.scripts.compact_daily", "timestamp": "2026-09-16T15:00:39.958725Z"}
{"stream": "trades", "date": "2026-09-16", "hour": 7, "event": "compact_daily_missing_hour", "level": "warning", "logger": "collector.scripts.compact_daily", "timestamp": "2026-09-16T15:00:39.959096Z"}
{"stream": "trades", "date": "2026-09-16", "hour": 8, "event": "compact_daily_missing_hour", "level": "warning", "logger": "collector.scripts.compact_daily", "timestamp": "2026-09-16T15:00:39.959486Z"}
{"stream": "trades", "date": "2026-09-16", "hour": 9, "event": "compact_daily_missing_hour", "level": "warning", "logger": "collector.scripts.compact_daily", "timestamp": "2026-09-16T15:00:39.959856Z"}
{"stream": "trades", "date": "2026-09-16", "hour": 10, "event": "compact_daily_missing_hour", "level": "warning", "logger": "collector.scripts.compact_daily", "timestamp": "2026-09-16T15:00:39.960232Z"}
{"stream": "trades", "date": "2026-09-16", "hour": 11, "event": "compact_daily_missing_hour", "level": "warning", "logger": "collector.scripts.compact_daily", "timestamp": "2026-09-16T15:00:39.960625Z"}
{"stream": "trades", "date": "2026-09-16", "hour": 12, "event": "compact_daily_missing_hour", "level": "warning", "logger": "collector.scripts.compact_daily", "timestamp": "2026-09-16T15:00:39.961070Z"}
{"stream": "trades", "date": "2026-09-16", "hour": 13, "event": "compact_daily_missing_hour", "level": "warning", "logger": "collector.scripts.compact_daily", "timestamp": "2026-09-16T15:00:39.961825Z"}
{"stream": "trades", "date": "2026-09-16", "hour": 14, "event": "compact_daily_missing_hour", "level": "warning", "logger": "collector.scripts.compact_daily", "timestamp": "2026-09-16T15:00:39.962205Z"}
{"stream": "trades", "date": "2026-09-16", "hour": 15, "age_seconds": 0.0066356658935546875, "guard_seconds": 3600, "event": "compact_daily_skip_current_hour", "level": "warning", "logger": "collector.scripts.compact_daily", "timestamp": "2026-09-16T15:00:39.962614Z"}
{"stream": "trades", "date": "2026-09-16", "hour": 16, "event": "compact_daily_missing_hour", "level": "warning", "logger": "collector.scripts.compact_daily", "timestamp": "2026-09-16T15:00:39.962995Z"}
{"stream": "trades", "date": "2026-09-16", "hour": 17, "event": "compact_daily_missing_hour", "level": "warning", "logger": "collector.scripts.compact_daily", "timestamp": "2026-09-16T15:00:39.963487Z"}
{"stream": "trades", "date": "2026-09-16", "hour": 18, "event": "compact_daily_missing_hour", "level": "warning", "logger": "collector.scripts.compact_daily", "timestamp": "2026-09-16T15:00:39.963923Z"}
{"stream": "trades", "date": "2026-09-16", "hour": 19, "event": "compact_daily_missing_hour", "level": "warning", "logger": "collector.scripts.compact_daily", "timestamp": "2026-09-16T15:00:39.964283Z"}
{"stream": "trades", "date": "2026-09-16", "hour": 20, "event": "compact_daily_missing_hour", "level": "warning", "logger": "collector.scripts.compact_daily", "timestamp": "2026-09-16T15:00:39.964690Z"}
{"stream": "trades", "date": "2026-09-16", "hour": 21, "event": "compact_daily_missing_hour", "level": "warning", "logger": "collector.scripts.compact_daily", "timestamp": "2026-09-16T15:00:39.965077Z"}
{"stream": "trades", "date": "2026-09-16", "hour": 22, "event": "compact_daily_missing_hour", "level": "warning", "logger": "collector.scripts.compact_daily", "timestamp": "2026-09-16T15:00:39.965486Z"}
{"stream": "trades", "date": "2026-09-16", "hour": 23, "event": "compact_daily_missing_hour", "level": "warning", "logger": "collector.scripts.compact_daily", "timestamp": "2026-09-16T15:00:39.965862Z"}
{"stream": "trades", "date": "2026-09-16", "skipped_hours": [15], "message": "Hourly files were skipped during compaction. Skipped data is recoverable from raw hourly files. Re-run with --force after resolving stale .tmp files to include skipped hours.", "event": "compact_daily_skipped_hours_present", "level": "warning", "logger": "collector.scripts.compact_daily", "timestamp": "2026-09-16T15:00:39.969431Z"}
{"stream": "trades", "date": "2026-09-16", "rows": 1, "event": "compact_daily", "level": "info", "logger": "collector.scripts.compact_daily", "timestamp": "2026-09-16T15:00:39.971295Z"}
{"stream": "trades", "date": "2026-06-10", "hour": 6, "event": "compact_daily_missing_hour", "level": "warning", "logger": "collector.scripts.compact_daily", "timestamp": "2026-09-16T15:00:39.978859Z"}
{"stream": "trades", "date": "2026-06-10", "hour": 7, "event": "compact_daily_missing_hour", "level": "warning", "logger": "collector.scripts.compact_daily", "timestamp": "2026-09-16T15:00:39.979152Z"}
{"stream": "trades", "date": "2026-06-10", "hour": 8, "event": "compact_daily_missing_hour", "level": "warning", "logger": "collector.scripts.compact_daily", "timestamp": "2026-09-16T15:00:39.979386Z"}
{"stream": "trades", "date": "2026-06-10", "hour": 9, "event": "compact_daily_missing_hour", "level": "warning", "logger": "collector.scripts.compact_daily", "timestamp": "2026-09-16T15:00:39.979641Z"}
{"stream": "trades", "date": "2026-06-10", "hour": 10, "event": "compact_daily_missing_hour", "level": "warning", "logger": "collector.scripts.compact_daily", "timestamp": "2026-09-16T15:00:39.979861Z"}
{"stream": "trades", "date": "2026-06-10", "hour": 11, "event": "compact_daily_missing_hour", "level": "warning", "logger": "collector.scripts.compact_daily", "timestamp": "2026-09-16T15:00:39.980077Z"}
{"stream": "trades", "date": "2026-06-10", "hour": 12, "event": "compact_daily_missing_hour", "level": "warning", "logger": "collector.scripts.compact_daily", "timestamp": "2026-09-16T15:00:39.980294Z"}
{"stream": "trades", "date": "2026-06-10", "hour": 13, "event": "compact_daily_missing_hour", "level": "warning", "logger": "collector.scripts.compact_daily", "timestamp": "2026-09-16T15:00:39.980535Z"}
{"stream": "trades", "date": "2026-06-10", "hour": 14, "event": "compact_daily_missing_hour", "level": "warning", "logger": "collector.scripts.compact_daily", "timestamp": "2026-09-16T15:00:39.980756Z"}
{"stream": "trades", "date": "2026-06-10", "hour": 15, "event": "compact_daily_missing_hour", "level": "warning", "logger": "collector.scripts.compact_daily", "timestamp": "2026-09-16T15:00:39.980971Z"}
{"stream": "trades", "date": "2026-06-10", "hour": 16, "event": "compact_daily_missing_hour", "level": "warning", "logger": "collector.scripts.compact_daily", "timestamp": "2026-09-16T15:00:39.981181Z"}
{"stream": "trades", "date": "2026-06-10", "hour": 17, "event": "compact_daily_missing_hour", "level": "warning", "logger": "collector.scripts.compact_daily", "timestamp": "2026-09-16T15:00:39.981416Z"}
{"stream": "trades", "date": "2026-06-10", "hour": 18, "event": "compact_daily_missing_hour", "level": "warning", "logger": "collector.scripts.compact_daily", "timestamp": "2026-09-16T15:00:39.981647Z"}
{"stream": "trades", "date": "2026-06-10", "hour": 19, "event": "compact_daily_missing_hour", "level": "warning", "logger": "collector.scripts.compact_daily", "timestamp": "2026-09-16T15:00:39.981869Z"}
{"stream": "trades", "date": "2026-06-10", "hour": 20, "event": "compact_daily_missing_hour", "level": "warning", "logger": "collector.scripts.compact_daily", "timestamp": "2026-09-16T15:00:39.982081Z"}
{"stream": "trades", "date": "2026-06-10", "hour": 21, "event": "compact_daily_missing_hour", "level": "warning", "logger": "collector.scripts.compact_daily", "timestamp": "2026-09-16T15:00:39.982294Z"}
{"stream": "trades", "date": "2026-06-10", "hour": 22, "event": "compact_daily_missing_hour", "level": "warning", "logger": "collector.scripts.compact_daily", "timestamp": "2026-09-16T15:00:39.982536Z"}
{"stream": "trades", "date": "2026-06-10", "hour": 23, "event": "compact_daily_missing_hour", "level": "warning", "logger": "collector.scripts.compact_daily", "timestamp": "2026-09-16T15:00:39.982765Z"}
{"stream": "trades", "date": "2026-06-10", "rows": 300, "event": "compact_daily", "level": "info", "logger": "collector.scripts.compact_daily", "timestamp": "2026-09-16T15:00:39.996094Z"}
{"stream": "liquidation", "date": "2026-06-10", "hour": 1, "event": "compact_daily_missing_hour", "level": "warning", "logger": "collector.scripts.compact_daily", "timestamp": "2026-09-16T15:00:40.000132Z"}
{"stream": "liquidation", "date": "2026-06-10", "hour": 2, "event": "compact_daily_missing_hour", "level": "warning", "logger": "collector.scripts.compact_daily", "timestamp": "2026-09-16T15:00:40.000369Z"}
{"stream": "liquidation", "date": "2026-06-10", "hour": 3, "event": "compact_daily_missing_hour", "level": "warning", "logger": "collector.scripts.compact_daily", "timestamp": "2026-09-16T15:00:40.000601Z"}
{"stream": "liquidation", "date": "2026-06-10", "hour": 4, "event": "compact_daily_missing_hour", "level": "warning", "logger": "collector.scripts.compact_daily", "timestamp": "2026-09-16T15:00:40.000786Z"}
{"stream": "liquidation", "date": "2026-06-10", "hour": 5, "event": "compact_daily_missing_hour", "level": "warning", "logger": "collector.scripts.compact_daily", "timestamp": "2026-09-16T15:00:40.000961Z"}
{"stream": "liquidation", "date": "2026-06-10", "hour": 6, "event": "compact_daily_missing_hour", "level": "warning", "logger": "collector.scripts.compact_daily", "timestamp": "2026-09-16T15:00:40.001132Z"}
{"stream": "liquidation", "date": "2026-06-10", "hour": 7, "event": "compact_daily_missing_hour", "level": "warning", "logger": "collector.scripts.compact_daily", "timestamp": "2026-09-16T15:00:40.001305Z"}
{"stream": "liquidation", "date": "2026-06-10", "hour": 8, "event": "compact_daily_missing_hour", "level": "warning", "logger": "collector.scripts.compact_daily", "timestamp": "2026-09-16T15:00:40.001499Z"}
{"stream": "liquidation", "date": "2026-06-10", "hour": 9, "event": "compact_daily_missing_hour", "level": "warning", "logger": "collector.scripts.compact_daily", "timestamp": "2026-09-16T15:00:40.001680Z"}
{"stream": "liquidation", "date": "2026-06-10", "hour": 10, "event": "compact_daily_missing_hour", "level": "warning", "logger": "collector.scripts.compact_daily", "timestamp": "2026-09-16T15:00:40.001850Z"}
{"stream": "liquidation", "date": "2026-06-10", "hour": 11, "event": "compact_daily_missing_hour", "level": "warning", "logger": "collector.scripts.compact_daily", "timestamp": "2026-09-16T15:00:40.002020Z"}
{"stream": "liquidation", "date": "2026-06-10", "hour": 12, "event": "compact_daily_missing_hour", "level": "warning", "logger": "collector.scripts.compact_daily", "timestamp": "2026-09-16T15:00:40.002191Z"}
{"stream": "liquidation", "date": "2026-06-10", "hour": 13, "event": "compact_daily_missing_hour", "level": "warning", "logger": "collector.scripts.compact_daily", "timestamp": "2026-09-16T15:00:40.002362Z"}
{"stream": "liquidation", "date": "2026-06-10", "hour": 14, "event": "compact_daily_missing_hour", "level": "warning", "logger": "collector.scripts.compact_daily", "timestamp": "2026-09-16T15:00:40.002563Z"}
{"stream": "liquidation", "date": "2026-06-10", "hour": 15, "event": "compact_daily_missing_hour", "level": "warning", "logger": "collector.scripts.compact_daily", "timestamp": "2026-09-16T15:00:40.002741Z"}
{"stream": "liquidation", "date": "2026-06-10", "hour": 16, "event": "compact_daily_missing_hour", "level": "warning", "logger": "collector.scripts.compact_daily", "timestamp": "2026-09-16T15:00:40.002908Z"}
{"stream": "liquidation", "date": "2026-06-10", "hour": 17, "event": "compact_daily_missing_hour", "level": "warning", "logger": "collector.scripts.compact_daily", "timestamp": "2026-09-16T15:00:40.003073Z"}
{"stream": "liquidation", "date": "2026-06-10", "hour": 18, "event": "compact_daily_missing_hour", "level": "warning", "logger": "collector.scripts.compact_daily", "timestamp": "2026-09-16T15:00:40.003240Z"}
{"stream": "liquidation", "date": "2026-06-10", "hour": 19, "event": "compact_daily_missing_hour", "level": "warning", "logger": "collector.scripts.compact_daily", "timestamp": "2026-09-16T15:00:40.003434Z"}
{"stream": "liquidation", "date": "2026-06-10", "hour": 20, "event": "compact_daily_missing_hour", "level": "warning", "logger": "collector.scripts.compact_daily", "timestamp": "2026-09-16T15:00:40.003611Z"}
{"stream": "liquidation", "date": "2026-06-10", "hour": 21, "event": "compact_daily_missing_hour", "level": "warning", "logger": "collector.scripts.compact_daily", "timestamp": "2026-09-16T15:00:40.003784Z"}
{"stream": "liquidation", "date": "2026-06-10", "hour": 22, "event": "compact_daily_missing_hour", "level": "warning", "logger": "collector.scripts.compact_daily", "timestamp": "2026-09-16T15:00:40.003948Z"}
{"stream": "liquidation", "date": "2026-06-10", "hour": 23, "event": "compact_daily_missing_hour", "level": "warning", "logger": "collector.scripts.compact_daily", "timestamp": "2026-09-16T15:00:40.004113Z"}
{"date": "2026-06-10", "coverage_hours": 0.0, "event": "compact_daily_low_liquidation_coverage", "level": "warning", "logger": "collector.scripts.compact_daily", "timestamp": "2026-09-16T15:00:40.007627Z"}
{"stream": "liquidation", "date": "2026-06-10", "rows": 1, "event": "compact_daily", "level": "info", "logger": "collector.scripts.compact_daily", "timestamp": "2026-09-16T15:00:40.008684Z"}
{"stream": "liquidation", "date": "2026-06-10", "rows": 1, "event": "compact_daily_verify", "level": "info", "logger": "collector.scripts.compact_daily", "timestamp": "2026-09-16T15:00:40.009746Z"}
{"stream": "liquidation", "date": "2026-06-10", "error": "daily parquet row count mismatch: 1 != 999", "event": "compact_daily_failed", "level": "error", "logger": "collector.scripts.compact_daily", "timestamp": "2026-09-16T15:00:40.010789Z"}
{"stream": "trades", "date": "2026-06-09", "hour": 0, "event": "compact_daily_missing_hour", "level": "warning", "logger": "collector.scripts.compact_daily", "timestamp": "2026-09-16T15:00:40.013282Z"}
{"stream": "trades", "date": "2026-06-09", "hour": 1, "event": "compact_daily_missing_hour", "level": "warning", "logger": "collector.scripts.compact_daily", "timestamp": "2026-09-16T15:00:40.013717Z"}
{"stream": "trades", "date": "2026-06-09", "hour": 2, "event": "compact_daily_missing_hour", "level": "warning", "logger": "collector.scripts.compact_daily", "timestamp": "2026-09-16T15:00:40.014093Z"}
{"stream": "trades", "date": "2026-06-09", "hour": 3, "event": "compact_daily_missing_hour", "level": "warning", "logger": "collector.scripts.compact_daily", "timestamp": "2026-09-16T15:00:40.014474Z"}
{"stream": "trades", "date": "2026-06-09", "hour": 4, "event": "compact_daily_missing_hour", "level": "warning", "logger": "collector.scripts.compact_daily", "timestamp": "2026-09-16T15:00:40.014835Z"}
{"stream": "trades", "date": "2026-06-09", "hour": 5, "event": "compact_daily_missing_hour", "level": "warning", "logger": "collector.scripts.compact_daily", "timestamp": "2026-09-16T15:00:40.015184Z"}
{"stream": "trades", "date": "2026-06-09", "hour": 6, "event": "compact_daily_missing_hour", "level": "warning", "logger": "collector.scripts.compact_daily", "timestamp": "2026-09-16T15:00:40.015554Z"}
{"stream": "trades", "date": "2026-06-09", "hour": 7, "event": "compact_daily_missing_hour", "level": "warning", "logger": "collector.scripts.compact_daily", "timestamp": "2026-09-16T15:00:40.015913Z"}
{"stream": "trades", "date": "2026-06-09", "hour": 8, "event": "compact_daily_missing_hour", "level": "warning", "logger": "collector.scripts.compact_daily", "timestamp": "2026-09-16T15:00:40.016258Z"}
{"stream": "trades", "date": "2026-06-09", "hour": 9, "event": "compact_daily_missing_hour", "level": "warning", "logger": "collector.scripts.compact_daily", "timestamp": "2026-09-16T15:00:40.016638Z"}
{"stream": "trades", "date": "2026-06-09", "hour": 10, "event": "compact_daily_missing_hour", "level": "warning", "logger": "collector.scripts.compact_daily", "timestamp": "2026-09-16T15:00:40.016995Z"}
{"stream": "trades", "date": "2026-06-09", "hour": 11, "event": "compact_daily_missing_hour", "level": "warning", "logger": "collector.scripts.compact_daily", "timestamp": "2026-09-16T15:00:40.017346Z"}
{"stream": "trades", "date": "2026-06-09", "hour": 13, "event": "compact_daily_missing_hour", "level": "warning", "logger": "collector.scripts.compact_daily", "timestamp": "2026-09-16T15:00:40.018001Z"}
{"stream": "trades", "date": "2026-06-09", "hour": 14, "event": "compact_daily_missing_hour", "level": "warning", "logger": "collector.scripts.compact_daily", "timestamp": "2026-09-16T15:00:40.018348Z"}
{"stream": "trades", "date": "2026-06-09", "hour": 15, "event": "compact_daily_missing_hour", "level": "warning", "logger": "collector.scripts.compact_daily", "timestamp": "2026-09-16T15:00:40.018727Z"}
{"stream": "trades", "date": "2026-06-09", "hour": 16, "event": "compact_daily_missing_hour", "level": "warning", "logger": "collector.scripts.compact_daily", "timestamp": "2026-09-16T15:00:40.019095Z"}
{"stream": "trades", "date": "2026-06-09", "hour": 17, "event": "compact_daily_missing_hour", "level": "warning", "logger": "collector.scripts.compact_daily", "timestamp": "2026-09-16T15:00:40.019472Z"}
{"stream": "trades", "date": "2026-06-09", "hour": 18, "event": "compact_daily_missing_hour", "level": "warning", "logger": "collector.scripts.compact_daily", "timestamp": "2026-09-16T15:00:40.019821Z"}
{"stream": "trades", "date": "2026-06-09", "hour": 19, "event": "compact_daily_missing_hour", "level": "warning", "logger": "collector.scripts.compact_daily", "timestamp": "2026-09-16T15:00:40.020164Z"}
{"stream": "trades", "date": "2026-06-09", "hour": 20, "event": "compact_daily_missing_hour", "level": "warning", "logger": "collector.scripts.compact_daily", "timestamp": "2026-09-16T15:00:40.020529Z"}
{"stream": "trades", "date": "2026-06-09", "hour": 21, "event": "compact_daily_missing_hour", "level": "warning", "logger": "collector.scripts.compact_daily", "timestamp": "2026-09-16T15:00:40.020876Z"}
{"stream": "trades", "date": "2026-06-09", "hour": 22, "event": "compact_daily_missing_hour", "level": "warning", "logger": "collector.scripts.compact_daily", "timestamp": "2026-09-16T15:00:40.021226Z"}
{"stream": "trades", "date": "2026-06-09", "hour": 23, "event": "compact_daily_missing_hour", "level": "warning", "logger": "collector.scripts.compact_daily", "timestamp": "2026-09-16T15:00:40.021600Z"}
{"stream": "trades", "date": "2026-06-09", "rows": 1, "event": "compact_daily", "level": "info", "logger": "collector.scripts.compact_daily", "timestamp": "2026-09-16T15:00:40.026334Z"}
{"stream": "trades", "date": "2026-09-16", "hour": 0, "event": "compact_daily_missing_hour", "level": "warning", "logger": "collector.scripts.compact_daily", "timestamp": "2026-09-16T15:00:40.029497Z"}
{"stream": "trades", "date": "2026-09-16", "hour": 1, "event": "compact_daily_missing_hour", "level": "warning", "logger": "collector.scripts.compact_daily", "timestamp": "2026-09-16T15:00:40.029749Z"}
{"stream": "trades", "date": "2026-09-16", "hour": 2, "event": "compact_daily_missing_hour", "level": "warning", "logger": "collector.scripts.compact_daily", "timestamp": "2026-09-16T15:00:40.029959Z"}
{"stream": "trades", "date": "2026-09-16", "hour": 3, "event": "compact_daily_missing_hour", "level": "warning", "logger": "collector.scripts.compact_daily", "timestamp": "2026-09-16T15:00:40.030164Z"}
{"stream": "trades", "date": "2026-09-16", "hour": 4, "event": "compact_daily_missing_hour", "level": "warning", "logger": "collector.scripts.compact_daily", "timestamp": "2026-09-16T15:00:40.030362Z"}
{"stream": "trades", "date": "2026-09-16", "hour": 5, "event": "compact_daily_missing_hour", "level": "warning", "logger": "collector.scripts.compact_daily", "timestamp": "2026-09-16T15:00:40.030611Z"}
{"stream": "trades", "date": "2026-09-16", "hour": 6, "event": "compact_daily_missing_hour", "level": "warning", "logger": "collector.scripts.compact_daily", "timestamp": "2026-09-16T15:00:40.030810Z"}
{"stream": "trades", "date": "2026-09-16", "hour": 7, "event": "compact_daily_missing_hour", "level": "warning", "logger": "collector.scripts.compact_daily", "timestamp": "2026-09-16T15:00:40.031003Z"}
{"stream": "trades", "date": "2026-09-16", "hour": 8, "event": "compact_daily_missing_hour", "level": "warning", "logger": "collector.scripts.compact_daily", "timestamp": "2026-09-16T15:00:40.031191Z"}
{"stream": "trades", "date": "2026-09-16", "hour": 9, "event": "compact_daily_missing_hour", "level": "warning", "logger": "collector.scripts.compact_daily", "timestamp": "2026-09-16T15:00:40.031381Z"}
{"stream": "trades", "date": "2026-09-16", "hour": 10, "event": "compact_daily_missing_hour", "level": "warning", "logger": "collector.scripts.compact_daily", "timestamp": "2026-09-16T15:00:40.031603Z"}
{"stream": "trades", "date": "2026-09-16", "hour": 11, "event": "compact_daily_missing_hour", "level": "warning", "logger": "collector.scripts.compact_daily", "timestamp": "2026-09-16T15:00:40.031794Z"}
{"stream": "trades", "date": "2026-09-16", "hour": 12, "event": "compact_daily_missing_hour", "level": "warning", "logger": "collector.scripts.compact_daily", "timestamp": "2026-09-16T15:00:40.031978Z"}
{"stream": "trades", "date": "2026-09-16", "hour": 13, "event": "compact_daily_missing_hour", "level": "warning", "logger": "collector.scripts.compact_daily", "timestamp": "2026-09-16T15:00:40.032163Z"}
{"stream": "trades", "date": "2026-09-16", "hour": 15, "age_seconds": 0.003322124481201172, "guard_seconds": 3600, "event": "compact_daily_skip_current_hour", "level": "warning", "logger": "collector.scripts.compact_daily", "timestamp": "2026-09-16T15:00:40.032514Z"}
{"stream": "trades", "date": "2026-09-16", "hour": 16, "event": "compact_daily_missing_hour", "level": "warning", "logger": "collector.scripts.compact_daily", "timestamp": "2026-09-16T15:00:40.032721Z"}
{"stream": "trades", "date": "2026-09-16", "hour": 17, "event": "compact_daily_missing_hour", "level": "warning", "logger": "collector.scripts.compact_daily", "timestamp": "2026-09-16T15:00:40.032909Z"}
{"stream": "trades", "date": "2026-09-16", "hour": 18, "event": "compact_daily_missing_hour", "level": "warning", "logger": "collector.scripts.compact_daily", "timestamp": "2026-09-16T15:00:40.033094Z"}
{"stream": "trades", "date": "2026-09-16", "hour": 19, "event": "compact_daily_missing_hour", "level": "warning", "logger": "collector.scripts.compact_daily", "timestamp": "2026-09-16T15:00:40.033281Z"}
{"stream": "trades", "date": "2026-09-16", "hour": 20, "event": "compact_daily_missing_hour", "level": "warning", "logger": "collector.scripts.compact_daily", "timestamp": "2026-09-16T15:00:40.033521Z"}
{"stream": "trades", "date": "2026-09-16", "hour": 21, "event": "compact_daily_missing_hour", "level": "warning", "logger": "collector.scripts.compact_daily", "timestamp": "2026-09-16T15:00:40.033731Z"}
{"stream": "trades", "date": "2026-09-16", "hour": 22, "event": "compact_daily_missing_hour", "level": "warning", "logger": "collector.scripts.compact_daily", "timestamp": "2026-09-16T15:00:40.033920Z"}
{"stream": "trades", "date": "2026-09-16", "hour": 23, "event": "compact_daily_missing_hour", "level": "warning", "logger": "collector.scripts.compact_daily", "timestamp": "2026-09-16T15:00:40.034103Z"}
{"stream": "trades", "date": "2026-09-16", "skipped_hours": [15], "message": "Hourly files were skipped during compaction. Skipped data is recoverable from raw hourly files. Re-run with --force after resolving stale .tmp files to include skipped hours.", "event": "compact_daily_skipped_hours_present", "level": "warning", "logger": "collector.scripts.compact_daily", "timestamp": "2026-09-16T15:00:40.037643Z"}
{"stream": "trades", "date": "2026-09-16", "rows": 1, "event": "compact_daily", "level": "info", "logger": "collector.scripts.compact_daily", "timestamp": "2026-09-16T15:00:40.039392Z"}
{"stream": "trades", "date": "2026-06-10", "hour": 3, "event": "compact_daily_missing_hour", "level": "warning", "logger": "collector.scripts.compact_daily", "timestamp": "2026-09-16T15:00:40.043527Z"}
{"stream": "trades", "date": "2026-06-10", "hour": 4, "event": "compact_daily_missing_hour", "level": "warning", "logger": "collector.scripts.compact_daily", "timestamp": "2026-09-16T15:00:40.043780Z"}
{"stream": "trades", "date": "2026-06-10", "hour": 5, "event": "compact_daily_missing_hour", "level": "warning", "logger": "collector.scripts.compact_daily", "timestamp": "2026-09-16T15:00:40.043991Z"}
{"stream": "trades", "date": "2026-06-10", "hour": 6, "event": "compact_daily_missing_hour", "level": "warning", "logger": "collector.scripts.compact_daily", "timestamp": "2026-09-16T15:00:40.044194Z"}
{"stream": "trades", "date": "2026-06-10", "hour": 7, "event": "compact_daily_missing_hour", "level": "warning", "logger": "collector.scripts.compact_daily", "timestamp": "2026-09-16T15:00:40.044421Z"}
{"stream": "trades", "date": "2026-06-10", "hour": 8, "event": "compact_daily_missing_hour", "level": "warning", "logger": "collector.scripts.compact_daily", "timestamp": "2026-09-16T15:00:40.044633Z"}
{"stream": "trades", "date": "2026-06-10", "hour": 9, "event": "compact_daily_missing_hour", "level": "warning", "logger": "collector.scripts.compact_daily", "timestamp": "2026-09-16T15:00:40.044836Z"}
{"stream": "trades", "date": "2026-06-10", "hour": 10, "event": "compact_daily_missing_hour", "level": "warning", "logger": "collector.scripts.compact_daily", "timestamp": "2026-09-16T15:00:40.045035Z"}
{"stream": "trades", "date": "2026-06-10", "hour": 11, "event": "compact_daily_missing_hour", "level": "warning", "logger": "collector.scripts.compact_daily", "timestamp": "2026-09-16T15:00:40.045238Z"}
{"stream": "trades", "date": "2026-06-10", "hour": 12, "event": "compact_daily_missing_hour", "level": "warning", "logger": "collector.scripts.compact_daily", "timestamp": "2026-09-16T15:00:40.045489Z"}
{"stream": "trades", "date": "2026-06-10", "hour": 13, "event": "compact_daily_missing_hour", "level": "warning", "logger": "collector.scripts.compact_daily", "timestamp": "2026-09-16T15:00:40.045782Z"}
{"stream": "trades", "date": "2026-06-10", "hour": 14, "event": "compact_daily_missing_hour", "level": "warning", "logger": "collector.scripts.compact_daily", "timestamp": "2026-09-16T15:00:40.045998Z"}
{"stream": "trades", "date": "2026-06-10", "hour": 15, "event": "compact_daily_missing_hour", "level": "warning", "logger": "collector.scripts.compact_daily", "timestamp": "2026-09-16T15:00:40.046198Z"}
{"stream": "trades", "date": "2026-06-10", "hour": 16, "event": "compact_daily_missing_hour", "level": "warning", "logger": "collector.scripts.compact_daily", "timestamp": "2026-09-16T15:00:40.046418Z"}
{"stream": "trades", "date": "2026-06-10", "hour": 17, "event": "compact_daily_missing_hour", "level": "warning", "logger": "collector.scripts.compact_daily", "timestamp": "2026-09-16T15:00:40.046628Z"}
{"stream": "trades", "date": "2026-06-10", "hour": 18, "event": "compact_daily_missing_hour", "level": "warning", "logger": "collector.scripts.compact_daily", "timestamp": "2026-09-16T15:00:40.046822Z"}
{"stream": "trades", "date": "2026-06-10", "hour": 19, "event": "compact_daily_missing_hour", "level": "warning", "logger": "collector.scripts.compact_daily", "timestamp": "2026-09-16T15:00:40.047017Z"}
{"stream": "trades", "date": "2026-06-10", "hour": 20, "event": "compact_daily_missing_hour", "level": "warning", "logger": "collector.scripts.compact_daily", "timestamp": "2026-09-16T15:00:40.047218Z"}
{"stream": "trades", "date": "2026-06-10", "hour": 21, "event": "compact_daily_missing_hour", "level": "warning", "logger": "collector.scripts.compact_daily", "timestamp": "2026-09-16T15:00:40.047433Z"}
{"stream": "trades", "date": "2026-06-10", "hour": 22, "event": "compact_daily_missing_hour", "level": "warning", "logger": "collector.scripts.compact_daily", "timestamp": "2026-09-16T15:00:40.047637Z"}
{"stream": "trades", "date": "2026-06-10", "hour": 23, "event": "compact_daily_missing_hour", "level": "warning", "logger": "collector.scripts.compact_daily", "timestamp": "2026-09-16T15:00:40.047831Z"}
{"stream": "trades", "date": "2026-06-10", "rows": 6, "event": "compact_daily", "level": "info", "logger": "collector.scripts.compact_daily", "timestamp": "2026-09-16T15:00:40.055532Z"}
{"stream": "trades", "date": "2026-06-10", "hour": 2, "event": "compact_daily_missing_hour", "level": "warning", "logger": "collector.scripts.compact_daily", "timestamp": "2026-09-16T15:00:40.059491Z"}
{"stream": "trades", "date": "2026-06-10", "hour": 3, "event": "compact_daily_missing_hour", "level": "warning", "logger": "collector.scripts.compact_daily", "timestamp": "2026-09-16T15:00:40.059730Z"}
{"stream": "trades", "date": "2026-06-10", "hour": 4, "event": "compact_daily_missing_hour", "level": "warning", "logger": "collector.scripts.compact_daily", "timestamp": "2026-09-16T15:00:40.059931Z"}
{"stream": "trades", "date": "2026-06-10", "hour": 5, "event": "compact_daily_missing_hour", "level": "warning", "logger": "collector.scripts.compact_daily", "timestamp": "2026-09-16T15:00:40.060123Z"}
{"stream": "trades", "date": "2026-06-10", "hour": 6, "event": "compact_daily_missing_hour", "level": "warning", "logger": "collector.scripts.compact_daily", "timestamp": "2026-09-16T15:00:40.060309Z"}
{"stream": "trades", "date": "2026-06-10", "hour": 7, "event": "compact_daily_missing_hour", "level": "warning", "logger": "collector.scripts.compact_daily", "timestamp": "2026-09-16T15:00:40.060524Z"}
{"stream": "trades", "date": "2026-06-10", "hour": 8, "event": "compact_daily_missing_hour", "level": "warning", "logger": "collector.scripts.compact_daily", "timestamp": "2026-09-16T15:00:40.060717Z"}
{"stream": "trades", "date": "2026-06-10", "hour": 9, "event": "compact_daily_missing_hour", "level": "warning", "logger": "collector.scripts.compact_daily", "timestamp": "2026-09-16T15:00:40.060900Z"}
{"stream": "trades", "date": "2026-06-10", "hour": 10, "event": "compact_daily_missing_hour", "level": "warning", "logger": "collector.scripts.compact_daily", "timestamp": "2026-09-16T15:00:40.061081Z"}
{"stream": "trades", "date": "2026-06-10", "hour": 11, "event": "compact_daily_missing_hour", "level": "warning", "logger": "collector.scripts.compact_daily", "timestamp": "2026-09-16T15:00:40.061263Z"}
{"stream": "trades", "date": "2026-06-10", "hour": 12, "event": "compact_daily_missing_hour", "level": "warning", "logger": "collector.scripts.compact_daily", "timestamp": "2026-09-16T15:00:40.061515Z"}
{"stream": "trades", "date": "2026-06-10", "hour": 13, "event": "compact_daily_missing_hour", "level": "warning", "logger": "collector.scripts.compact_daily", "timestamp": "2026-09-16T15:00:40.061712Z"}
{"stream": "trades", "date": "2026-06-10", "hour": 14, "event": "compact_daily_missing_hour", "level": "warning", "logger": "collector.scripts.compact_daily", "timestamp": "2026-09-16T15:00:40.061893Z"}
{"stream": "trades", "date": "2026-06-10", "hour": 15, "event": "compact_daily_missing_hour", "level": "warning", "logger": "collector.scripts.compact_daily", "timestamp": "2026-09-16T15:00:40.062074Z"}
{"stream": "trades", "date": "2026-06-10", "hour": 16, "event": "compact_daily_missing_hour", "level": "warning", "logger": "collector.scripts.compact_daily", "timestamp": "2026-09-16T15:00:40.062252Z"}
{"stream": "trades", "date": "2026-06-10", "hour": 17, "event": "compact_daily_missing_hour", "level": "warning", "logger": "collector.scripts.compact_daily", "timestamp": "2026-09-16T15:00:40.062464Z"}
{"stream": "trades", "date": "2026-06-10", "hour": 18, "event": "compact_daily_missing_hour", "level": "warning", "logger": "collector.scripts.compact_daily", "timestamp": "2026-09-16T15:00:40.062651Z"}
{"stream": "trades", "date": "2026-06-10", "hour": 19, "event": "compact_daily_missing_hour", "level": "warning", "logger": "collector.scripts.compact_daily", "timestamp": "2026-09-16T15:00:40.062831Z"}
{"stream": "trades", "date": "2026-06-10", "hour": 20, "event": "compact_daily_missing_hour", "level": "warning", "logger": "collector.scripts.compact_daily", "timestamp": "2026-09-16T15:00:40.063008Z"}
{"stream": "trades", "date": "2026-06-10", "hour": 21, "event": "compact_daily_missing_hour", "level": "warning", "logger": "collector.scripts.compact_daily", "timestamp": "2026-09-16T15:00:40.063183Z"}
{"stream": "trades", "date": "2026-06-10", "hour": 22, "event": "compact_daily_missing_hour", "level": "warning", "logger": "collector.scripts.compact_daily", "timestamp": "2026-09-16T15:00:40.063361Z"}
{"stream": "trades", "date": "2026-06-10", "hour": 23, "event": "compact_daily_missing_hour", "level": "warning", "logger": "collector.scripts.compact_daily", "timestamp": "2026-09-16T15:00:40.063580Z"}
{"stream": "trades", "date": "2026-06-10", "hour": 2, "event": "compact_daily_missing_hour", "level": "warning", "logger": "collector.scripts.compact_daily", "timestamp": "2026-09-16T15:00:40.070249Z"}
{"stream": "trades", "date": "2026-06-10", "hour": 3, "event": "compact_daily_missing_hour", "level": "warning", "logger": "collector.scripts.compact_daily", "timestamp": "2026-09-16T15:00:40.070514Z"}
{"stream": "trades", "date": "2026-06-10", "hour": 4, "event": "compact_daily_missing_hour", "level": "warning", "logger": "collector.scripts.compact_daily", "timestamp": "2026-09-16T15:00:40.070717Z"}
{"stream": "trades", "date": "2026-06-10", "hour": 5, "event": "compact_daily_missing_hour", "level": "warning", "logger": "collector.scripts.compact_daily", "timestamp": "2026-09-16T15:00:40.070907Z"}
{"stream": "trades", "date": "2026-06-10", "hour": 6, "event": "compact_daily_missing_hour", "level": "warning", "logger": "collector.scripts.compact_daily", "timestamp": "2026-09-16T15:00:40.071091Z"}
{"stream": "trades", "date": "2026-06-10", "hour": 7, "event": "compact_daily_missing_hour", "level": "warning", "logger": "collector.scripts.compact_daily", "timestamp": "2026-09-16T15:00:40.071275Z"}
{"stream": "trades", "date": "2026-06-10", "hour": 8, "event": "compact_daily_missing_hour", "level": "warning", "logger": "collector.scripts.compact_daily", "timestamp": "2026-09-16T15:00:40.071487Z"}
{"stream": "trades", "date": "2026-06-10", "hour": 9, "event": "compact_daily_missing_hour", "level": "warning", "logger": "collector.scripts.compact_daily", "timestamp": "2026-09-16T15:00:40.071679Z"}
{"stream": "trades", "date": "2026-06-10", "hour": 10, "event": "compact_daily_missing_hour", "level": "warning", "logger": "collector.scripts.compact_daily", "timestamp": "2026-09-16T15:00:40.071860Z"}
{"stream": "trades", "date": "2026-06-10", "hour": 11, "event": "compact_daily_missing_hour", "level": "warning", "logger": "collector.scripts.compact_daily", "timestamp": "2026-09-16T15:00:40.072039Z"}
{"stream": "trades", "date": "2026-06-10", "hour": 12, "event": "compact_daily_missing_hour", "level": "warning", "logger": "collector.scripts.compact_daily", "timestamp": "2026-09-16T15:00:40.072220Z"}
{"stream": "trades", "date": "2026-06-10", "hour": 13, "event": "compact_daily_missing_hour", "level": "warning", "logger": "collector.scripts.compact_daily", "timestamp": "2026-09-16T15:00:40.072426Z"}
{"stream": "trades", "date": "2026-06-10", "hour": 14, "event": "compact_daily_missing_hour", "level": "warning", "logger": "collector.scripts.compact_daily", "timestamp": "2026-09-16T15:00:40.072620Z"}
{"stream": "trades", "date": "2026-06-10", "hour": 15, "event": "compact_daily_missing_hour", "level": "warning", "logger": "collector.scripts.compact_daily", "timestamp": "2026-09-16T15:00:40.072800Z"}
{"stream": "trades", "date": "2026-06-10", "hour": 16, "event": "compact_daily_missing_hour", "level": "warning", "logger": "collector.scripts.compact_daily", "timestamp": "2026-09-16T15:00:40.072984Z"}
{"stream": "trades", "date": "2026-06-10", "hour": 17, "event": "compact_daily_missing_hour", "level": "warning", "logger": "collector.scripts.compact_daily", "timestamp": "2026-09-16T15:00:40.073158Z"}
{"stream": "trades", "date": "2026-06-10", "hour": 18, "event": "compact_daily_missing_hour", "level": "warning", "logger": "collector.scripts.compact_daily", "timestamp": "2026-09-16T15:00:40.073334Z"}
{"stream": "trades", "date": "2026-06-10", "hour": 19, "event": "compact_daily_missing_hour", "level": "warning", "logger": "collector.scripts.compact_daily", "timestamp": "2026-09-16T15:00:40.073542Z"}
{"stream": "trades", "date": "2026-06-10", "hour": 20, "event": "compact_daily_missing_hour", "level": "warning", "logger": "collector.scripts.compact_daily", "timestamp": "2026-09-16T15:00:40.073728Z"}
{"stream": "trades", "date": "2026-06-10", "hour": 21, "event": "compact_daily_missing_hour", "level": "warning", "logger": "collector.scripts.compact_daily", "timestamp": "2026-09-16T15:00:40.073906Z"}
{"stream": "trades", "date": "2026-06-10", "hour": 22, "event": "compact_daily_missing_hour", "level": "warning", "logger": "collector.scripts.compact_daily", "timestamp": "2026-09-16T15:00:40.074080Z"}
{"stream": "trades", "date": "2026-06-10", "hour": 23, "event": "compact_daily_missing_hour", "level": "warning", "logger": "collector.scripts.compact_daily", "timestamp": "2026-09-16T15:00:40.074266Z"}
{"stream": "trades", "date": "2026-06-10", "rows": 4, "event": "compact_daily", "level": "info", "logger": "collector.scripts.compact_daily", "timestamp": "2026-09-16T15:00:40.080286Z"}
{"stream": "trades", "date": "2026-06-10", "hour": 1, "event": "compact_daily_missing_hour", "level": "warning", "logger": "collector.scripts.compact_daily", "timestamp": "2026-09-16T15:00:40.087214Z"}
{"stream": "trades", "date": "2026-06-10", "hour": 2, "event": "compact_daily_missing_hour", "level": "warning", "logger": "collector.scripts.compact_daily", "timestamp": "2026-09-16T15:00:40.087481Z"}
{"stream": "trades", "date": "2026-06-10", "hour": 3, "event": "compact_daily_missing_hour", "level": "warning", "logger": "collector.scripts.compact_daily", "timestamp": "2026-09-16T15:00:40.087679Z"}
{"stream": "trades", "date": "2026-06-10", "hour": 4, "event": "compact_daily_missing_hour", "level": "warning", "logger": "collector.scripts.compact_daily", "timestamp": "2026-09-16T15:00:40.087861Z"}
{"stream": "trades", "date": "2026-06-10", "hour": 5, "event": "compact_daily_missing_hour", "level": "warning", "logger": "collector.scripts.compact_daily", "timestamp": "2026-09-16T15:00:40.088044Z"}
{"stream": "trades", "date": "2026-06-10", "hour": 6, "event": "compact_daily_missing_hour", "level": "warning", "logger": "collector.scripts.compact_daily", "timestamp": "2026-09-16T15:00:40.088215Z"}
{"stream": "trades", "date": "2026-06-10", "hour": 7, "event": "compact_daily_missing_hour", "level": "warning", "logger": "collector.scripts.compact_daily", "timestamp": "2026-09-16T15:00:40.088386Z"}
{"stream": "trades", "date": "2026-06-10", "hour": 8, "event": "compact_daily_missing_hour", "level": "warning", "logger": "collector.scripts.compact_daily", "timestamp": "2026-09-16T15:00:40.088593Z"}
{"stream": "trades", "date": "2026-06-10", "hour": 9, "event": "compact_daily_missing_hour", "level": "warning", "logger": "collector.scripts.compact_daily", "timestamp": "2026-09-16T15:00:40.088766Z"}
{"stream": "trades", "date": "2026-06-10", "hour": 10, "event": "compact_daily_missing_hour", "level": "warning", "logger": "collector.scripts.compact_daily", "timestamp": "2026-09-16T15:00:40.088940Z"}
{"stream": "trades", "date": "2026-06-10", "hour": 11, "event": "compact_daily_missing_hour", "level": "warning", "logger": "collector.scripts.compact_daily", "timestamp": "2026-09-16T15:00:40.089111Z"}
{"stream": "trades", "date": "2026-06-10", "hour": 12, "event": "compact_daily_missing_hour", "level": "warning", "logger": "collector.scripts.compact_daily", "timestamp": "2026-09-16T15:00:40.089288Z"}
{"stream": "trades", "date": "2026-06-10", "hour": 13, "event": "compact_daily_missing_hour", "level": "warning", "logger": "collector.scripts.compact_daily", "timestamp": "2026-09-16T15:00:40.089492Z"}
{"stream": "trades", "date": "2026-06-10", "hour": 14, "event": "compact_daily_missing_hour", "level": "warning", "logger": "collector.scripts.compact_daily", "timestamp": "2026-09-16T15:00:40.089677Z"}
{"stream": "trades", "date": "2026-06-10", "hour": 15, "event": "compact_daily_missing_hour", "level": "warning", "logger": "collector.scripts.compact_daily", "timestamp": "2026-09-16T15:00:40.089849Z"}
{"stream": "trades", "date": "2026-06-10", "hour": 16, "event": "compact_daily_missing_hour", "level": "warning", "logger": "collector.scripts.compact_daily", "timestamp": "2026-09-16T15:00:40.090018Z"}
{"stream": "trades", "date": "2026-06-10", "hour": 17, "event": "compact_daily_missing_hour", "level": "warning", "logger": "collector.scripts.compact_daily", "timestamp": "2026-09-16T15:00:40.090189Z"}
{"stream": "trades", "date": "2026-06-10", "hour": 18, "event": "compact_daily_missing_hour", "level": "warning", "logger": "collector.scripts.compact_daily", "timestamp": "2026-09-16T15:00:40.090360Z"}
{"stream": "trades", "date": "2026-06-10", "hour": 19, "event": "compact_daily_missing_hour", "level": "warning", "logger": "collector.scripts.compact_daily", "timestamp": "2026-09-16T15:00:40.090561Z"}
{"stream": "trades", "date": "2026-06-10", "hour": 20, "event": "compact_daily_missing_hour", "level": "warning", "logger": "collector.scripts.compact_daily", "timestamp": "2026-09-16T15:00:40.090730Z"}
{"stream": "trades", "date": "2026-06-10", "hour": 21, "event": "compact_daily_missing_hour", "level": "warning", "logger": "collector.scripts.compact_daily", "timestamp": "2026-09-16T15:00:40.090898Z"}
{"stream": "trades", "date": "2026-06-10", "hour": 22, "event": "compact_daily_missing_hour", "level": "warning", "logger": "collector.scripts.compact_daily", "timestamp": "2026-09-16T15:00:40.091073Z"}
{"stream": "trades", "date": "2026-06-10", "hour": 23, "event": "compact_daily_missing_hour", "level": "warning", "logger": "collector.scripts.compact_daily", "timestamp": "2026-09-16T15:00:40.091241Z"}
{"stream": "trades", "date": "2026-06-10", "rows": 1, "event": "compact_daily", "level": "info", "logger": "collector.scripts.compact_daily", "timestamp": "2026-09-16T15:00:40.094369Z"}
{"stream": "liquidation", "date": "2026-06-10", "hour": 1, "event": "compact_daily_missing_hour", "level": "warning", "logger": "collector.scripts.compact_daily", "timestamp": "2026-09-16T15:00:40.096750Z"}
{"stream": "liquidation", "date": "2026-06-10", "hour": 2, "event": "compact_daily_missing_hour", "level": "warning", "logger": "collector.scripts.compact_daily", "timestamp": "2026-09-16T15:00:40.096968Z"}
{"stream": "liquidation", "date": "2026-06-10", "hour": 3, "event": "compact_daily_missing_hour", "level": "warning", "logger": "collector.scripts.compact_daily", "timestamp": "2026-09-16T15:00:40.097153Z"}
{"stream": "liquidation", "date": "2026-06-10", "hour": 4, "event": "compact_daily_missing_hour", "level": "warning", "logger": "collector.scripts.compact_daily", "timestamp": "2026-09-16T15:00:40.097328Z"}
{"stream": "liquidation", "date": "2026-06-10", "hour": 5, "event": "compact_daily_missing_hour", "level": "warning", "logger": "collector.scripts.compact_daily", "timestamp": "2026-09-16T15:00:40.097550Z"}
{"stream": "liquidation", "date": "2026-06-10", "hour": 6, "event": "compact_daily_missing_hour", "level": "warning", "logger": "collector.scripts.compact_daily", "timestamp": "2026-09-16T15:00:40.097730Z"}
{"stream": "liquidation", "date": "2026-06-10", "hour": 7, "event": "compact_daily_missing_hour", "level": "warning", "logger": "collector.scripts.compact_daily", "timestamp": "2026-09-16T15:00:40.097904Z"}
{"stream": "liquidation", "date": "2026-06-10", "hour": 8, "event": "compact_daily_missing_hour", "level": "warning", "logger": "collector.scripts.compact_daily", "timestamp": "2026-09-16T15:00:40.098081Z"}
{"stream": "liquidation", "date": "2026-06-10", "hour": 9, "event": "compact_daily_missing_hour", "level": "warning", "logger": "collector.scripts.compact_daily", "timestamp": "2026-09-16T15:00:40.098255Z"}
{"stream": "liquidation", "date": "2026-06-10", "hour": 10, "event": "compact_daily_missing_hour", "level": "warning", "logger": "collector.scripts.compact_daily", "timestamp": "2026-09-16T15:00:40.098449Z"}
{"stream": "liquidation", "date": "2026-06-10", "hour": 11, "event": "compact_daily_missing_hour", "level": "warning", "logger": "collector.scripts.compact_daily", "timestamp": "2026-09-16T15:00:40.098633Z"}
{"stream": "liquidation", "date": "2026-06-10", "hour": 12, "event": "compact_daily_missing_hour", "level": "warning", "logger": "collector.scripts.compact_daily", "timestamp": "2026-09-16T15:00:40.098802Z"}
{"stream": "liquidation", "date": "2026-06-10", "hour": 13, "event": "compact_daily_missing_hour", "level": "warning", "logger": "collector.scripts.compact_daily", "timestamp": "2026-09-16T15:00:40.098970Z"}
{"stream": "liquidation", "date": "2026-06-10", "hour": 14, "event": "compact_daily_missing_hour", "level": "warning", "logger": "collector.scripts.compact_daily", "timestamp": "2026-09-16T15:00:40.099136Z"}
{"stream": "liquidation", "date": "2026-06-10", "hour": 15, "event": "compact_daily_missing_hour", "level": "warning", "logger": "collector.scripts.compact_daily", "timestamp": "2026-09-16T15:00:40.099303Z"}
{"stream": "liquidation", "date": "2026-06-10", "hour": 16, "event": "compact_daily_missing_hour", "level": "warning", "logger": "collector.scripts.compact_daily", "timestamp": "2026-09-16T15:00:40.099493Z"}
{"stream": "liquidation", "date": "2026-06-10", "hour": 17, "event": "compact_daily_missing_hour", "level": "warning", "logger": "collector.scripts.compact_daily", "timestamp": "2026-09-16T15:00:40.099670Z"}
{"stream": "liquidation", "date": "2026-06-10", "hour": 18, "event": "compact_daily_missing_hour", "level": "warning", "logger": "collector.scripts.compact_daily", "timestamp": "2026-09-16T15:00:40.099839Z"}
{"stream": "liquidation", "date": "2026-06-10", "hour": 19, "event": "compact_daily_missing_hour", "level": "warning", "logger": "collector.scripts.compact_daily", "timestamp": "2026-09-16T15:00:40.100041Z"}
{"stream": "liquidation", "date": "2026-06-10", "hour": 20, "event": "compact_daily_missing_hour", "level": "warning", "logger": "collector.scripts.compact_daily", "timestamp": "2026-09-16T15:00:40.100216Z"}
{"stream": "liquidation", "date": "2026-06-10", "hour": 21, "event": "compact_daily_missing_hour", "level": "warning", "logger": "collector.scripts.compact_daily", "timestamp": "2026-09-16T15:00:40.100415Z"}
{"stream": "liquidation", "date": "2026-06-10", "hour": 22, "event": "compact_daily_missing_hour", "level": "warning", "logger": "collector.scripts.compact_daily", "timestamp": "2026-09-16T15:00:40.100598Z"}
{"stream": "liquidation", "date": "2026-06-10", "hour": 23, "event": "compact_daily_missing_hour", "level": "warning", "logger": "collector.scripts.compact_daily", "timestamp": "2026-09-16T15:00:40.100767Z"}
{"date": "2026-06-10", "coverage_hours": 0.0, "event": "compact_daily_low_liquidation_coverage", "level": "warning", "logger": "collector.scripts.compact_daily", "timestamp": "2026-09-16T15:00:40.104435Z"}
{"stream": "liquidation", "date": "2026-06-10", "rows": 1, "event": "compact_daily", "level": "info", "logger": "collector.scripts.compact_daily", "timestamp": "2026-09-16T15:00:40.105334Z"}
{"stream": "liquidation", "date": "2026-06-10", "hour": 1, "event": "compact_daily_missing_hour", "level": "warning", "logger": "collector.scripts.compact_daily", "timestamp": "2026-09-16T15:00:40.108674Z"}
{"stream": "liquidation", "date": "2026-06-10", "hour": 2, "event": "compact_daily_missing_hour", "level": "warning", "logger": "collector.scripts.compact_daily", "timestamp": "2026-09-16T15:00:40.108902Z"}
{"stream": "liquidation", "date": "2026-06-10", "hour": 3, "event": "compact_daily_missing_hour", "level": "warning", "logger": "collector.scripts.compact_daily", "timestamp": "2026-09-16T15:00:40.109094Z"}
{"stream": "liquidation", "date": "2026-06-10", "hour": 4, "event": "compact_daily_missing_hour", "level": "warning", "logger": "collector.scripts.compact_daily", "timestamp": "2026-09-16T15:00:40.109292Z"}
{"stream": "liquidation", "date": "2026-06-10", "hour": 5, "event": "compact_daily_missing_hour", "level": "warning", "logger": "collector.scripts.compact_daily", "timestamp": "2026-09-16T15:00:40.109504Z"}
{"stream": "liquidation", "date": "2026-06-10", "hour": 6, "event": "compact_daily_missing_hour", "level": "warning", "logger": "collector.scripts.compact_daily", "timestamp": "2026-09-16T15:00:40.109687Z"}
{"stream": "liquidation", "date": "2026-06-10", "hour": 7, "event": "compact_daily_missing_hour", "level": "warning", "logger": "collector.scripts.compact_daily", "timestamp": "2026-09-16T15:00:40.109856Z"}
{"stream": "liquidation", "date": "2026-06-10", "hour": 8, "event": "compact_daily_missing_hour", "level": "warning", "logger": "collector.scripts.compact_daily", "timestamp": "2026-09-16T15:00:40.110023Z"}
{"stream": "liquidation", "date": "2026-06-10", "hour": 9, "event": "compact_daily_missing_hour", "level": "warning", "logger": "collector.scripts.compact_daily", "timestamp": "2026-09-16T15:00:40.110190Z"}
{"stream": "liquidation", "date": "2026-06-10", "hour": 10, "event": "compact_daily_missing_hour", "level": "warning", "logger": "collector.scripts.compact_daily", "timestamp": "2026-09-16T15:00:40.110357Z"}
{"stream": "liquidation", "date": "2026-06-10", "hour": 11, "event": "compact_daily_missing_hour", "level": "warning", "logger": "collector.scripts.compact_daily", "timestamp": "2026-09-16T15:00:40.110559Z"}
{"stream": "liquidation", "date": "2026-06-10", "hour": 12, "event": "compact_daily_missing_hour", "level": "warning", "logger": "collector.scripts.compact_daily", "timestamp": "2026-09-16T15:00:40.110728Z"}
{"stream": "liquidation", "date": "2026-06-10", "hour": 13, "event": "compact_daily_missing_hour", "level": "warning", "logger": "collector.scripts.compact_daily", "timestamp": "2026-09-16T15:00:40.110895Z"}
{"stream": "liquidation", "date": "2026-06-10", "hour": 14, "event": "compact_daily_missing_hour", "level": "warning", "logger": "collector.scripts.compact_daily", "timestamp": "2026-09-16T15:00:40.111057Z"}
{"stream": "liquidation", "date": "2026-06-10", "hour": 15, "event": "compact_daily_missing_hour", "level": "warning", "logger": "collector.scripts.compact_daily", "timestamp": "2026-09-16T15:00:40.111219Z"}
{"stream": "liquidation", "date": "2026-06-10", "hour": 16, "event": "compact_daily_missing_hour", "level": "warning", "logger": "collector.scripts.compact_daily", "timestamp": "2026-09-16T15:00:40.111382Z"}
{"stream": "liquidation", "date": "2026-06-10", "hour": 17, "event": "compact_daily_missing_hour", "level": "warning", "logger": "collector.scripts.compact_daily", "timestamp": "2026-09-16T15:00:40.111579Z"}
{"stream": "liquidation", "date": "2026-06-10", "hour": 18, "event": "compact_daily_missing_hour", "level": "warning", "logger": "collector.scripts.compact_daily", "timestamp": "2026-09-16T15:00:40.111745Z"}
{"stream": "liquidation", "date": "2026-06-10", "hour": 19, "event": "compact_daily_missing_hour", "level": "warning", "logger": "collector.scripts.compact_daily", "timestamp": "2026-09-16T15:00:40.111910Z"}
{"stream": "liquidation", "date": "2026-06-10", "hour": 20, "event": "compact_daily_missing_hour", "level": "warning", "logger": "collector.scripts.compact_daily", "timestamp": "2026-09-16T15:00:40.112071Z"}
{"stream": "liquidation", "date": "2026-06-10", "hour": 21, "event": "compact_daily_missing_hour", "level": "warning", "logger": "collector.scripts.compact_daily", "timestamp": "2026-09-16T15:00:40.112243Z"}
{"stream": "liquidation", "date": "2026-06-10", "hour": 22, "event": "compact_daily_missing_hour", "level": "warning", "logger": "collector.scripts.compact_daily", "timestamp": "2026-09-16T15:00:40.112428Z"}
{"stream": "liquidation", "date": "2026-06-10", "hour": 23, "event": "compact_daily_missing_hour", "level": "warning", "logger": "collector.scripts.compact_daily", "timestamp": "2026-09-16T15:00:40.112614Z"}
{"date": "2026-06-10", "coverage_hours": 0.0, "event": "compact_daily_low_liquidation_coverage", "level": "warning", "logger": "collector.scripts.compact_daily", "timestamp": "2026-09-16T15:00:40.116178Z"}
{"stream": "liquidation", "date": "2026-06-10", "rows": 1, "event": "compact_daily", "level": "info", "logger": "collector.scripts.compact_daily", "timestamp": "2026-09-16T15:00:40.117285Z"}
{"stream": "trades", "date": "2026-06-10", "hour": 3, "event": "compact_daily_missing_hour", "level": "warning", "logger": "collector.scripts.compact_daily", "timestamp": "2026-09-16T15:00:40.121907Z"}
{"stream": "trades", "date": "2026-06-10", "hour": 4, "event": "compact_daily_missing_hour", "level": "warning", "logger": "collector.scripts.compact_daily", "timestamp": "2026-09-16T15:00:40.122142Z"}
{"stream": "trades", "date": "2026-06-10", "hour": 5, "event": "compact_daily_missing_hour", "level": "warning", "logger": "collector.scripts.compact_daily", "timestamp": "2026-09-16T15:00:40.122345Z"}
{"stream": "trades", "date": "2026-06-10", "hour": 6, "event": "compact_daily_missing_hour", "level": "warning", "logger": "collector.scripts.compact_daily", "timestamp": "2026-09-16T15:00:40.122577Z"}
{"stream": "trades", "date": "2026-06-10", "hour": 7, "event": "compact_daily_missing_hour", "level": "warning", "logger": "collector.scripts.compact_daily", "timestamp": "2026-09-16T15:00:40.122775Z"}
{"stream": "trades", "date": "2026-06-10", "hour": 8, "event": "compact_daily_missing_hour", "level": "warning", "logger": "collector.scripts.compact_daily", "timestamp": "2026-09-16T15:00:40.122966Z"}
{"stream": "trades", "date": "2026-06-10", "hour": 9, "event": "compact_daily_missing_hour", "level": "warning", "logger": "collector.scripts.compact_daily", "timestamp": "2026-09-16T15:00:40.123163Z"}
{"stream": "trades", "date": "2026-06-10", "hour": 10, "event": "compact_daily_missing_hour", "level": "warning", "logger": "collector.scripts.compact_daily", "timestamp": "2026-09-16T15:00:40.123351Z"}
{"stream": "trades", "date": "2026-06-10", "hour": 11, "event": "compact_daily_missing_hour", "level": "warning", "logger": "collector.scripts.compact_daily", "timestamp": "2026-09-16T15:00:40.123567Z"}
{"stream": "trades", "date": "2026-06-10", "hour": 12, "event": "compact_daily_missing_hour", "level": "warning", "logger": "collector.scripts.compact_daily", "timestamp": "2026-09-16T15:00:40.123762Z"}
{"stream": "trades", "date": "2026-06-10", "hour": 13, "event": "compact_daily_missing_hour", "level": "warning", "logger": "collector.scripts.compact_daily", "timestamp": "2026-09-16T15:00:40.123951Z"}
{"stream": "trades", "date": "2026-06-10", "hour": 14, "event": "compact_daily_missing_hour", "level": "warning", "logger": "collector.scripts.compact_daily", "timestamp": "2026-09-16T15:00:40.124134Z"}
{"stream": "trades", "date": "2026-06-10", "hour": 15, "event": "compact_daily_missing_hour", "level": "warning", "logger": "collector.scripts.compact_daily", "timestamp": "2026-09-16T15:00:40.124319Z"}
{"stream": "trades", "date": "2026-06-10", "hour": 16, "event": "compact_daily_missing_hour", "level": "warning", "logger": "collector.scripts.compact_daily", "timestamp": "2026-09-16T15:00:40.124532Z"}
{"stream": "trades", "date": "2026-06-10", "hour": 17, "event": "compact_daily_missing_hour", "level": "warning", "logger": "collector.scripts.compact_daily", "timestamp": "2026-09-16T15:00:40.124726Z"}
{"stream": "trades", "date": "2026-06-10", "hour": 18, "event": "compact_daily_missing_hour", "level": "warning", "logger": "collector.scripts.compact_daily", "timestamp": "2026-09-16T15:00:40.124914Z"}
{"stream": "trades", "date": "2026-06-10", "hour": 19, "event": "compact_daily_missing_hour", "level": "warning", "logger": "collector.scripts.compact_daily", "timestamp": "2026-09-16T15:00:40.125099Z"}
{"stream": "trades", "date": "2026-06-10", "hour": 20, "event": "compact_daily_missing_hour", "level": "warning", "logger": "collector.scripts.compact_daily", "timestamp": "2026-09-16T15:00:40.125302Z"}
{"stream": "trades", "date": "2026-06-10", "hour": 21, "event": "compact_daily_missing_hour", "level": "warning", "logger": "collector.scripts.compact_daily", "timestamp": "2026-09-16T15:00:40.125525Z"}
{"stream": "trades", "date": "2026-06-10", "hour": 22, "event": "compact_daily_missing_hour", "level": "warning", "logger": "collector.scripts.compact_daily", "timestamp": "2026-09-16T15:00:40.125718Z"}
{"stream": "trades", "date": "2026-06-10", "hour": 23, "event": "compact_daily_missing_hour", "level": "warning", "logger": "collector.scripts.compact_daily", "timestamp": "2026-09-16T15:00:40.125903Z"}
{"stream": "trades", "date": "2026-06-10", "rows": 9, "event": "compact_daily", "level": "info", "logger": "collector.scripts.compact_daily", "timestamp": "2026-09-16T15:00:40.133248Z"}
{"stream": "trades", "date": "2026-06-10", "hour": 2, "event": "compact_daily_missing_hour", "level": "warning", "logger": "collector.scripts.compact_daily", "timestamp": "2026-09-16T15:00:40.136335Z"}
{"stream": "trades", "date": "2026-06-10", "hour": 3, "event": "compact_daily_missing_hour", "level": "warning", "logger": "collector.scripts.compact_daily", "timestamp": "2026-09-16T15:00:40.136603Z"}
{"stream": "trades", "date": "2026-06-10", "hour": 4, "event": "compact_daily_missing_hour", "level": "warning", "logger": "collector.scripts.compact_daily", "timestamp": "2026-09-16T15:00:40.136801Z"}
{"stream": "trades", "date": "2026-06-10", "hour": 5, "event": "compact_daily_missing_hour", "level": "warning", "logger": "collector.scripts.compact_daily", "timestamp": "2026-09-16T15:00:40.136990Z"}
{"stream": "trades", "date": "2026-06-10", "hour": 6, "event": "compact_daily_missing_hour", "level": "warning", "logger": "collector.scripts.compact_daily", "timestamp": "2026-09-16T15:00:40.137172Z"}
{"stream": "trades", "date": "2026-06-10", "hour": 7, "event": "compact_daily_missing_hour", "level": "warning", "logger": "collector.scripts.compact_daily", "timestamp": "2026-09-16T15:00:40.137354Z"}
{"stream": "trades", "date": "2026-06-10", "hour": 8, "event": "compact_daily_missing_hour", "level": "warning", "logger": "collector.scripts.compact_daily", "timestamp": "2026-09-16T15:00:40.137582Z"}
{"stream": "trades", "date": "2026-06-10", "hour": 9, "event": "compact_daily_missing_hour", "level": "warning", "logger": "collector.scripts.compact_daily", "timestamp": "2026-09-16T15:00:40.137766Z"}
{"stream": "trades", "date": "2026-06-10", "hour": 10, "event": "compact_daily_missing_hour", "level": "warning", "logger": "collector.scripts.compact_daily", "timestamp": "2026-09-16T15:00:40.137948Z"}
{"stream": "trades", "date": "2026-06-10", "hour": 11, "event": "compact_daily_missing_hour", "level": "warning", "logger": "collector.scripts.compact_daily", "timestamp": "2026-09-16T15:00:40.138124Z"}
{"stream": "trades", "date": "2026-06-10", "hour": 12, "event": "compact_daily_missing_hour", "level": "warning", "logger": "collector.scripts.compact_daily", "timestamp": "2026-09-16T15:00:40.138303Z"}
{"stream": "trades", "date": "2026-06-10", "hour": 13, "event": "compact_daily_missing_hour", "level": "warning", "logger": "collector.scripts.compact_daily", "timestamp": "2026-09-16T15:00:40.138522Z"}
{"stream": "trades", "date": "2026-06-10", "hour": 14, "event": "compact_daily_missing_hour", "level": "warning", "logger": "collector.scripts.compact_daily", "timestamp": "2026-09-16T15:00:40.138714Z"}
{"stream": "trades", "date": "2026-06-10", "hour": 15, "event": "compact_daily_missing_hour", "level": "warning", "logger": "collector.scripts.compact_daily", "timestamp": "2026-09-16T15:00:40.138900Z"}
{"stream": "trades", "date": "2026-06-10", "hour": 16, "event": "compact_daily_missing_hour", "level": "warning", "logger": "collector.scripts.compact_daily", "timestamp": "2026-09-16T15:00:40.139081Z"}
{"stream": "trades", "date": "2026-06-10", "hour": 17, "event": "compact_daily_missing_hour", "level": "warning", "logger": "collector.scripts.compact_daily", "timestamp": "2026-09-16T15:00:40.139278Z"}
{"stream": "trades", "date": "2026-06-10", "hour": 18, "event": "compact_daily_missing_hour", "level": "warning", "logger": "collector.scripts.compact_daily", "timestamp": "2026-09-16T15:00:40.139493Z"}
{"stream": "trades", "date": "2026-06-10", "hour": 19, "event": "compact_daily_missing_hour", "level": "warning", "logger": "collector.scripts.compact_daily", "timestamp": "2026-09-16T15:00:40.139685Z"}
{"stream": "trades", "date": "2026-06-10", "hour": 20, "event": "compact_daily_missing_hour", "level": "warning", "logger": "collector.scripts.compact_daily", "timestamp": "2026-09-16T15:00:40.139861Z"}
{"stream": "trades", "date": "2026-06-10", "hour": 21, "event": "compact_daily_missing_hour", "level": "warning", "logger": "collector.scripts.compact_daily", "timestamp": "2026-09-16T15:00:40.140038Z"}
{"stream": "trades", "date": "2026-06-10", "hour": 22, "event": "compact_daily_missing_hour", "level": "warning", "logger": "collector.scripts.compact_daily", "timestamp": "2026-09-16T15:00:40.140212Z"}
{"stream": "trades", "date": "2026-06-10", "hour": 23, "event": "compact_daily_missing_hour", "level": "warning", "logger": "collector.scripts.compact_daily", "timestamp": "2026-09-16T15:00:40.140426Z"}
{"stream": "liquidation", "date": "2026-06-10", "hour": 1, "event": "compact_daily_missing_hour", "level": "warning", "logger": "collector.scripts.compact_daily", "timestamp": "2026-09-16T15:00:40.146229Z"}
{"stream": "liquidation", "date": "2026-06-10", "hour": 2, "event": "compact_daily_missing_hour", "level": "warning", "logger": "collector.scripts.compact_daily", "timestamp": "2026-09-16T15:00:40.146489Z"}
{"stream": "liquidation", "date": "2026-06-10", "hour": 3, "event": "compact_daily_missing_hour", "level": "warning", "logger": "collector.scripts.compact_daily", "timestamp": "2026-09-16T15:00:40.146690Z"}
{"stream": "liquidation", "date": "2026-06-10", "hour": 4, "event": "compact_daily_missing_hour", "level": "warning", "logger": "collector.scripts.compact_daily", "timestamp": "2026-09-16T15:00:40.146871Z"}
{"stream": "liquidation", "date": "2026-06-10", "hour": 5, "event": "compact_daily_missing_hour", "level": "warning", "logger": "collector.scripts.compact_daily", "timestamp": "2026-09-16T15:00:40.147045Z"}
{"stream": "liquidation", "date": "2026-06-10", "hour": 6, "event": "compact_daily_missing_hour", "level": "warning", "logger": "collector.scripts.compact_daily", "timestamp": "2026-09-16T15:00:40.147216Z"}
{"stream": "liquidation", "date": "2026-06-10", "hour": 7, "event": "compact_daily_missing_hour", "level": "warning", "logger": "collector.scripts.compact_daily", "timestamp": "2026-09-16T15:00:40.147386Z"}
{"stream": "liquidation", "date": "2026-06-10", "hour": 8, "event": "compact_daily_missing_hour", "level": "warning", "logger": "collector.scripts.compact_daily", "timestamp": "2026-09-16T15:00:40.147596Z"}
{"stream": "liquidation", "date": "2026-06-10", "hour": 9, "event": "compact_daily_missing_hour", "level": "warning", "logger": "collector.scripts.compact_daily", "timestamp": "2026-09-16T15:00:40.147766Z"}
{"stream": "liquidation", "date": "2026-06-10", "hour": 10, "event": "compact_daily_missing_hour", "level": "warning", "logger": "collector.scripts.compact_daily", "timestamp": "2026-09-16T15:00:40.147934Z"}
{"stream": "liquidation", "date": "2026-06-10", "hour": 11, "event": "compact_daily_missing_hour", "level": "warning", "logger": "collector.scripts.compact_daily", "timestamp": "2026-09-16T15:00:40.148101Z"}
{"stream": "liquidation", "date": "2026-06-10", "hour": 12, "event": "compact_daily_missing_hour", "level": "warning", "logger": "collector.scripts.compact_daily", "timestamp": "2026-09-16T15:00:40.148269Z"}
{"stream": "liquidation", "date": "2026-06-10", "hour": 13, "event": "compact_daily_missing_hour", "level": "warning", "logger": "collector.scripts.compact_daily", "timestamp": "2026-09-16T15:00:40.148462Z"}
{"stream": "liquidation", "date": "2026-06-10", "hour": 14, "event": "compact_daily_missing_hour", "level": "warning", "logger": "collector.scripts.compact_daily", "timestamp": "2026-09-16T15:00:40.148651Z"}
{"stream": "liquidation", "date": "2026-06-10", "hour": 15, "event": "compact_daily_missing_hour", "level": "warning", "logger": "collector.scripts.compact_daily", "timestamp": "2026-09-16T15:00:40.148820Z"}
{"stream": "liquidation", "date": "2026-06-10", "hour": 16, "event": "compact_daily_missing_hour", "level": "warning", "logger": "collector.scripts.compact_daily", "timestamp": "2026-09-16T15:00:40.148987Z"}
{"stream": "liquidation", "date": "2026-06-10", "hour": 17, "event": "compact_daily_missing_hour", "level": "warning", "logger": "collector.scripts.compact_daily", "timestamp": "2026-09-16T15:00:40.149152Z"}
{"stream": "liquidation", "date": "2026-06-10", "hour": 18, "event": "compact_daily_missing_hour", "level": "warning", "logger": "collector.scripts.compact_daily", "timestamp": "2026-09-16T15:00:40.149318Z"}
{"stream": "liquidation", "date": "2026-06-10", "hour": 19, "event": "compact_daily_missing_hour", "level": "warning", "logger": "collector.scripts.compact_daily", "timestamp": "2026-09-16T15:00:40.149516Z"}
{"stream": "liquidation", "date": "2026-06-10", "hour": 20, "event": "compact_daily_missing_hour", "level": "warning", "logger": "collector.scripts.compact_daily", "timestamp": "2026-09-16T15:00:40.149692Z"}
{"stream": "liquidation", "date": "2026-06-10", "hour": 21, "event": "compact_daily_missing_hour", "level": "warning", "logger": "collector.scripts.compact_daily", "timestamp": "2026-09-16T15:00:40.149868Z"}
{"stream": "liquidation", "date": "2026-06-10", "hour": 22, "event": "compact_daily_missing_hour", "level": "warning", "logger": "collector.scripts.compact_daily", "timestamp": "2026-09-16T15:00:40.150032Z"}
{"stream": "liquidation", "date": "2026-06-10", "hour": 23, "event": "compact_daily_missing_hour", "level": "warning", "logger": "collector.scripts.compact_daily", "timestamp": "2026-09-16T15:00:40.150198Z"}
{"date": "2026-06-10", "coverage_hours": 2.0, "event": "compact_daily_low_liquidation_coverage", "level": "warning", "logger": "collector.scripts.compact_daily", "timestamp": "2026-09-16T15:00:40.153673Z"}
{"stream": "liquidation", "date": "2026-06-10", "rows": 2, "event": "compact_daily", "level": "info", "logger": "collector.scripts.compact_daily", "timestamp": "2026-09-16T15:00:40.154804Z"}
{"event": "EMERGENCY: Free disk < 2GB (1.00GB). Halting collection.", "level": "critical", "logger": "collector.scripts.compact_daily", "timestamp": "2026-09-16T15:00:40.542447Z"}
{"stream": "orderbook", "gap_start": 1000, "gap_end": 4000, "duration_ms": 3000, "event": "Gap detected", "level": "warning", "logger": "collector.scripts.compact_daily", "timestamp": "2026-09-16T15:00:43.139269Z"}
{"stream": "trades", "gap_start": 1000, "gap_end": 21000, "duration_ms": 20000, "event": "Gap detected", "level": "warning", "logger": "collector.scripts.compact_daily", "timestamp": "2026-09-16T15:00:43.142522Z"}
{"event": "Stream stale: markprice", "level": "error", "logger": "collector.scripts.compact_daily", "timestamp": "2026-09-16T15:00:43.158975Z"}
{"last_trade_ts": 1789570843158, "last_book_ts": 1789570843158, "last_mark_ts": 1789570773158, "last_oi_ts": 0, "last_liq_ts": 0, "messages_per_minute": {"orderbook": 0, "trades": 0, "markprice": 0, "openinterest": 0, "liquidation": 0}, "validation_failures_in_window": 0, "disk_free_gb": 10.0, "ws_connected": true, "event": "Health check summary", "level": "info", "logger": "collector.scripts.compact_daily", "timestamp": "2026-09-16T15:00:43.159141Z"}
{"event": "Stream stale: liquidation", "level": "error", "logger": "collector.scripts.compact_daily", "timestamp": "2026-09-16T15:00:43.160520Z"}
{"last_trade_ts": 10000000, "last_book_ts": 10000000, "last_mark_ts": 10000000, "last_oi_ts": 10000000, "last_liq_ts": 8199999, "messages_per_minute": {"orderbook": 0, "trades": 0, "markprice": 0, "openinterest": 0, "liquidation": 0}, "validation_failures_in_window": 0, "disk_free_gb": 10.0, "ws_connected": true, "event": "Health check summary", "level": "info", "logger": "collector.scripts.compact_daily", "timestamp": "2026-09-16T15:00:43.160640Z"}
{"last_trade_ts": 10000000, "last_book_ts": 10000000, "last_mark_ts": 10000000, "last_oi_ts": 10000000, "last_liq_ts": 0, "messages_per_minute": {"orderbook": 0, "trades": 0, "markprice": 0, "openinterest": 0, "liquidation": 0}, "validation_failures_in_window": 0, "disk_free_gb": 10.0, "ws_connected": true, "event": "Health check summary", "level": "info", "logger": "collector.scripts.compact_daily", "timestamp": "2026-09-16T15:00:43.161419Z"}
{"event": "Stream stale: orderbook", "level": "error", "logger": "collector.scripts.compact_daily", "timestamp": "2026-09-16T15:00:43.162297Z"}
{"last_trade_ts": 10000000, "last_book_ts": 9994999, "last_mark_ts": 10000000, "last_oi_ts": 10000000, "last_liq_ts": 10000000, "messages_per_minute": {"orderbook": 0, "trades": 0, "markprice": 0, "openinterest": 0, "liquidation": 0}, "validation_failures_in_window": 0, "disk_free_gb": 10.0, "ws_connected": true, "event": "Health check summary", "level": "info", "logger": "collector.scripts.compact_daily", "timestamp": "2026-09-16T15:00:43.162418Z"}
{"event": "Stream stale: trades", "level": "error", "logger": "collector.scripts.compact_daily", "timestamp": "2026-09-16T15:00:43.163263Z"}
{"last_trade_ts": 9949999, "last_book_ts": 10000000, "last_mark_ts": 10000000, "last_oi_ts": 10000000, "last_liq_ts": 10000000, "messages_per_minute": {"orderbook": 0, "trades": 0, "markprice": 0, "openinterest": 0, "liquidation": 0}, "validation_failures_in_window": 0, "disk_free_gb": 10.0, "ws_connected": true, "event": "Health check summary", "level": "info", "logger": "collector.scripts.compact_daily", "timestamp": "2026-09-16T15:00:43.163362Z"}
{"event": "Stream stale: markprice", "level": "error", "logger": "collector.scripts.compact_daily", "timestamp": "2026-09-16T15:00:43.164230Z"}
{"last_trade_ts": 10000000, "last_book_ts": 10000000, "last_mark_ts": 9949999, "last_oi_ts": 10000000, "last_liq_ts": 10000000, "messages_per_minute": {"orderbook": 0, "trades": 0, "markprice": 0, "openinterest": 0, "liquidation": 0}, "validation_failures_in_window": 0, "disk_free_gb": 10.0, "ws_connected": true, "event": "Health check summary", "level": "info", "logger": "collector.scripts.compact_daily", "timestamp": "2026-09-16T15:00:43.164326Z"}
{"event": "Stream stale: openinterest", "level": "error", "logger": "collector.scripts.compact_daily", "timestamp": "2026-09-16T15:00:43.165215Z"}
{"last_trade_ts": 10000000, "last_book_ts": 10000000, "last_mark_ts": 10000000, "last_oi_ts": 9699999, "last_liq_ts": 10000000, "messages_per_minute": {"orderbook": 0, "trades": 0, "markprice": 0, "openinterest": 0, "liquidation": 0}, "validation_failures_in_window": 0, "disk_free_gb": 10.0, "ws_connected": true, "event": "Health check summary", "level": "info", "logger": "collector.scripts.compact_daily", "timestamp": "2026-09-16T15:00:43.165316Z"}
{"stream": "test_stream", "file": "/tmp/pytest-of-runner/pytest-0/test_parquet_writer0/raw/test_stream/2026-09-16-15-000000.seg", "rows": 2, "event": "closed_parquet_segment", "level": "info", "logger": "collector.scripts.compact_daily", "timestamp": "2026-09-16T15:00:43.180550Z"}
{"stream": "test_stream2", "file": "/tmp/pytest-of-runner/pytest-0/test_parquet_writer_rotation0/raw/test_stream2/2026-06-03-10-000000.seg", "rows": 1, "event": "closed_parquet_segment", "level": "info", "logger": "collector.scripts.compact_daily", "timestamp": "2026-09-16T15:00:43.186800Z"}
{"stream": "test_stream2", "file": "/tmp/pytest-of-runner/pytest-0/test_parquet_writer_rotation0/raw/test_stream2/2026-06-03-11-000000.seg", "rows": 1, "event": "closed_parquet_segment", "level": "info", "logger": "collector.scripts.compact_daily", "timestamp": "2026-09-16T15:00:43.189534Z"}
{"stream": "trades", "file": "/tmp/pytest-of-runner/pytest-0/test_trades_parquet_reads_time0/raw/trades/2026-09-16-15-000000.seg", "rows": 1, "event": "closed_parquet_segment", "level": "info", "logger": "collector.scripts.compact_daily", "timestamp": "2026-09-16T15:00:43.194746Z"}
{"stream": "openinterest", "file": "/tmp/pytest-of-runner/pytest-0/test_openinterest_parquet_read0/raw/openinterest/2026-09-16-15-000000.seg", "rows": 1, "event": "closed_parquet_segment", "level": "info", "logger": "collector.scripts.compact_daily", "timestamp": "2026-09-16T15:00:43.204611Z"}
{"stream": "test_stream_sidecar", "file": "/tmp/pytest-of-runner/pytest-0/test_parquet_sidecar_uses_firs0/raw/test_stream_sidecar/2026-06-03-13-000000.seg", "rows": 2, "event": "closed_parquet_segment", "level": "info", "logger": "collector.scripts.compact_daily", "timestamp": "2026-09-16T15:00:43.211983Z"}
{"stream": "test_stream_sidecar_location", "file": "/tmp/pytest-of-runner/pytest-0/test_parquet_sidecar_created_n0/raw/test_stream_sidecar_location/2026-06-03-13-000000.seg", "rows": 1, "event": "closed_parquet_segment", "level": "info", "logger": "collector.scripts.compact_daily", "timestamp": "2026-09-16T15:00:43.217778Z"}
{"exchange": "BINANCE", "stream": "sigkill", "event_type": "DATA_DROP", "reason": "crashed_segment_discarded", "gap_size_ms": null, "rows_lost": 3, "local_ts": 1789570843763, "event": "segment_data_drop", "level": "warning", "logger": "collector.scripts.compact_daily", "timestamp": "2026-09-16T15:00:43.763974Z"}
{"stream": "markprice", "validation_pass": true, "validation_fail_reason": "", "event": "Validation result", "level": "info", "logger": "collector.scripts.compact_daily", "timestamp": "2026-09-16T15:00:43.769432Z"}
{"stream_counters": {"orderbook": {"received": 533, "computed": 0, "empty_features": 0, "validated": 0, "rejected": 0, "written": 0}, "trades": {"received": 651, "computed": 0, "empty_features": 0, "validated": 0, "rejected": 0, "written": 0}, "markprice": {"received": 59, "computed": 0, "empty_features": 0, "validated": 0, "rejected": 0, "written": 0}, "openinterest": {"received": 0, "computed": 0, "empty_features": 0, "validated": 0, "rejected": 0, "written": 0}, "liquidation": {"received": 0, "computed": 0, "empty_features": 0, "validated": 0, "rejected": 0, "written": 0}, "unrouted": {"received": 0}}, "validation_fail_reasons": {"orderbook": {}, "trades": {}, "markprice": {}, "liquidation": {}}, "event": "Startup stream verification passed", "level": "info", "logger": "collector.scripts.compact_daily", "timestamp": "2026-09-16T15:00:43.776359Z"}
{"stream": "trades", "validation_pass": false, "validation_fail_reason": "Timestamp regression", "event": "Validation result", "level": "info", "logger": "collector.scripts.compact_daily", "timestamp": "2026-09-16T15:00:43.812863Z"}
{"stream": "trades", "validation_pass": false, "validation_fail_reason": "Timestamp regression", "event": "Validation result", "level": "info", "logger": "collector.scripts.compact_daily", "timestamp": "2026-09-16T15:00:43.813092Z"}
{"stream": "trades", "validation_pass": true, "validation_fail_reason": "", "event": "Validation result", "level": "info", "logger": "collector.scripts.compact_daily", "timestamp": "2026-09-16T15:00:43.815132Z"}
{"stream": "orderbook", "validation_pass": true, "validation_fail_reason": "", "event": "Validation result", "level": "info", "logger": "collector.scripts.compact_daily", "timestamp": "2026-09-16T15:00:43.815775Z"}
{"stream": "markprice", "validation_pass": true, "validation_fail_reason": "", "event": "Validation result", "level": "info", "logger": "collector.scripts.compact_daily", "timestamp": "2026-09-16T15:00:43.816136Z"}
{"url": "wss://fstream.binance.com/public/stream?streams=btcusdt@depth@100ms", "streams": ["btcusdt@depth@100ms"], "event": "Resetting validation and gap tracking on reconnect", "level": "info", "logger": "collector.scripts.compact_daily", "timestamp": "2026-09-16T15:00:43.819777Z"}
{"stream": "trades", "reason": "Price > 5% from mid_price", "timestamp": "2026-09-16T15:00:43.819919Z", "record": {"timestamp": 1789570843819, "exchange_timestamp": 1789570843819, "trade_id": 12346, "price": 106.0, "quantity": 1.0}, "event": "Validation failed", "level": "error", "logger": "collector.scripts.compact_daily"}
{"url": "wss://fstream.binance.com/market/stream?streams=btcusdt@aggTrade/btcusdt@markPrice@1s/btcusdt@forceOrder", "streams": ["btcusdt@aggTrade", "btcusdt@markPrice@1s", "btcusdt@forceOrder"], "event": "Resetting validation and gap tracking on reconnect", "level": "info", "logger": "collector.scripts.compact_daily", "timestamp": "2026-09-16T15:00:43.820674Z"}
{"stream": "liquidation", "validation_pass": true, "validation_fail_reason": "", "event": "Validation result", "level": "info", "logger": "collector.scripts.compact_daily", "timestamp": "2026-09-16T15:00:43.825908Z"}
{"stream": "liquidation", "validation_pass": true, "validation_fail_reason": "", "event": "Validation result", "level": "info", "logger": "collector.scripts.compact_daily", "timestamp": "2026-09-16T15:00:43.829578Z"}
{"stream": "example", "file": "/tmp/pytest-of-runner/pytest-0/test_storage_layout_roundtrip0/raw/example/2026-09-16-15-000000.seg", "rows": 1, "event": "closed_parquet_segment", "level": "info", "logger": "collector.scripts.compact_daily", "timestamp": "2026-09-16T15:00:43.974134Z"}
{"stream": "orderbook", "reason": "Empty book", "timestamp": "2026-09-16T15:00:43.978336Z", "record": {"timestamp": 1789570843978, "exchange_timestamp": 1789570843978, "bids_price": [], "asks_price": [101.0], "best_bid": 100.0, "best_ask": 101.0, "spread_bps": 10.0, "total_bid_qty": 1.0, "total_ask_qty": 1.0, "obi": 0.0}, "event": "Validation failed", "level": "error", "logger": "collector.scripts.compact_daily"}
{"stream": "orderbook", "reason": "Crossed book", "timestamp": "2026-09-16T15:00:43.979150Z", "record": {"timestamp": 1789570843979, "bids_price": [101.0, 101.0, 101.0, 101.0, 101.0, 101.0, 101.0, 101.0, 101.0, 101.0], "asks_price": [100.0, 100.0, 100.0, 100.0, 100.0, 100.0, 100.0, 100.0, 100.0, 100.0], "best_bid": 101.0, "best_ask": 100.0, "spread_bps": -10.0, "total_bid_qty": 10.0, "total_ask_qty": 10.0, "obi": 0.0}, "event": "Validation failed", "level": "error", "logger": "collector.scripts.compact_daily"}
{"stream": "trades", "reason": "Duplicate/Regressive trade_id", "timestamp": "2026-09-16T15:00:43.979927Z", "record": {"timestamp": 1789570843980, "trade_id": 100, "price": 100.0, "quantity": 1.0}, "event": "Validation failed", "level": "error", "logger": "collector.scripts.compact_daily"}
{"stream": "markprice", "reason": "Funding rate out of bounds", "timestamp": "2026-09-16T15:00:43.980683Z", "record": {"timestamp": 1789570843980, "mark_price": 100.0, "funding_rate": 0.05, "exchange_timestamp": 1789570843980, "next_funding_time": 1789570844980}, "event": "Validation failed", "level": "error", "logger": "collector.scripts.compact_daily"}
{"stream": "orderbook", "reason": "Timestamp regression", "timestamp": "2026-09-16T15:00:43.981439Z", "record": {"timestamp": 1789570843981, "bids_price": [100.0, 100.0, 100.0, 100.0, 100.0, 100.0, 100.0, 100.0, 100.0, 100.0], "asks_price": [101.0, 101.0, 101.0, 101.0, 101.0, 101.0, 101.0, 101.0, 101.0, 101.0], "best_bid": 100.0, "best_ask": 101.0, "spread_bps": 10.0, "total_bid_qty": 10.0, "total_ask_qty": 10.0, "obi": 0.0}, "event": "Validation failed", "level": "error", "logger": "collector.scripts.compact_daily"}
{"stream": "trades", "reason": "Timestamp regression", "timestamp": "2026-09-16T15:00:43.982787Z", "record": {"timestamp": 1789570843981, "exchange_timestamp": 1789570843982, "trade_id": 101, "price": 100.0, "quantity": 1.0}, "event": "Validation failed", "level": "error", "logger": "collector.scripts.compact_daily"}
{"stream": "liquidation", "reason": "Invalid price", "timestamp": "2026-09-16T15:00:43.985269Z", "record": {"timestamp": 1789570843985, "exchange_timestamp": 1789570843985, "price": 0, "quantity": 1.0}, "event": "Validation failed", "level": "error", "logger": "collector.scripts.compact_daily"}
{"stream": "liquidation", "reason": "Invalid quantity", "timestamp": "2026-09-16T15:00:43.986101Z", "record": {"timestamp": 1789570843986, "exchange_timestamp": 1789570843986, "price": 100.0, "quantity": 0}, "event": "Validation failed", "level": "error", "logger": "collector.scripts.compact_daily"}
{"url": "ws://localhost:9999", "event": "Starting WebSocket client", "level": "info", "logger": "collector.scripts.compact_daily", "timestamp": "2026-09-16T15:00:44.674822Z"}
{"error": "Simulated connection failure", "event": "WebSocket error", "level": "error", "logger": "collector.scripts.compact_daily", "timestamp": "2026-09-16T15:00:44.675013Z"}
{"attempt": 1, "delay": 1.0, "event": "Reconnecting WebSocket", "level": "info", "logger": "collector.scripts.compact_daily", "timestamp": "2026-09-16T15:00:44.675102Z"}
{"error": "Simulated connection failure", "event": "WebSocket error", "level": "error", "logger": "collector.scripts.compact_daily", "timestamp": "2026-09-16T15:00:44.675206Z"}
{"attempt": 2, "delay": 2.0, "event": "Reconnecting WebSocket", "level": "info", "logger": "collector.scripts.compact_daily", "timestamp": "2026-09-16T15:00:44.675278Z"}
{"error": "Simulated connection failure", "event": "WebSocket error", "level": "error", "logger": "collector.scripts.compact_daily", "timestamp": "2026-09-16T15:00:44.675354Z"}
{"attempt": 3, "delay": 4.0, "event": "Reconnecting WebSocket", "level": "info", "logger": "collector.scripts.compact_daily", "timestamp": "2026-09-16T15:00:44.675451Z"}
